protocol,target,feature_set,method,model,n_train,n_test,n_features,r2,r2_log1p,rmse,mae,mape
literature_2019_2020,A,spatial_distribution_only,spatial_distribution_features,ExtraTrees,815,100,139,-0.0514024926817378,-0.09855387877316724,14.33354914940925,7.029978547413787,45.73827239725149
literature_2019_2020,A,spatial_distribution_only,spatial_distribution_features,HistGBR,815,100,139,0.14636741934920006,0.07616664028334119,12.91530688456301,6.9793972359814385,36.82322488541765
literature_2019_2020,A,spatial_distribution_only,spatial_distribution_features,ElasticNet,815,100,139,0.022420576729217045,-0.010259426373262048,13.821184506289061,7.400297582400999,47.34298294862471
literature_2019_2020,A,spatial_distribution_only,spatial_distribution_features,XGBoost,815,100,139,0.1350064596530659,0.13870014402560027,13.000967448319775,6.558730395050048,35.7735693041962
literature_2019_2020,A,spatial_distribution_only,spatial_distribution_features,LightGBM,815,100,139,0.09450781593139901,0.06434401432431713,13.30183608334734,7.079998962954622,37.838018317315374
literature_2019_2020,A,external_plus_spatial_distribution,spatial_distribution_features,ExtraTrees,815,100,223,-0.07991129937795227,-0.09280039148839836,14.526576698463204,7.127359859011606,48.13708440549888
literature_2019_2020,A,external_plus_spatial_distribution,spatial_distribution_features,HistGBR,815,100,223,0.15978437068729934,0.12149539097942608,12.813406869784124,6.785040660112605,35.18106328361002
literature_2019_2020,A,external_plus_spatial_distribution,spatial_distribution_features,ElasticNet,815,100,223,0.0665016823718717,0.034767475263952186,13.505977086729773,7.012158065010214,47.157049698371324
literature_2019_2020,A,external_plus_spatial_distribution,spatial_distribution_features,XGBoost,815,100,223,0.11451696885353846,0.07272033731615901,13.15404612295682,6.704919810028075,38.966460452560156
literature_2019_2020,A,external_plus_spatial_distribution,spatial_distribution_features,LightGBM,815,100,223,0.16405555775164793,0.09847910738597476,12.780797272118937,6.754863437171894,37.533193418377664
literature_2019_2020,B,spatial_distribution_only,spatial_distribution_features,ExtraTrees,815,100,139,0.00955590510770088,-0.09496862666233308,2.1633515628387334,0.99484849834217,216.92703260477927
literature_2019_2020,B,spatial_distribution_only,spatial_distribution_features,HistGBR,815,100,139,-0.02009322652367973,-0.16924944516352247,2.1954929662416642,1.0301143449903682,217.15015850783982
literature_2019_2020,B,spatial_distribution_only,spatial_distribution_features,ElasticNet,815,100,139,-0.4407744345450757,-0.5316736572473015,2.6092164925927985,1.263504352864786,289.2148812784481
literature_2019_2020,B,spatial_distribution_only,spatial_distribution_features,XGBoost,815,100,139,-0.00782699656183361,-0.09055308788942162,2.182253064080027,0.9828233534729481,205.01718262647694
literature_2019_2020,B,spatial_distribution_only,spatial_distribution_features,LightGBM,815,100,139,-0.03491924593928175,-0.13805618014162868,2.2113900433032496,0.9985939473242174,205.91629887614405
literature_2019_2020,B,external_plus_spatial_distribution,spatial_distribution_features,ExtraTrees,815,100,223,0.009582661899176226,-0.04702575708146539,2.163322341231025,0.9624277074783423,207.91124561862873
literature_2019_2020,B,external_plus_spatial_distribution,spatial_distribution_features,HistGBR,815,100,223,-0.06390340120456939,-0.17563507254701638,2.2421425308035694,1.0555344135859277,215.89170775930234
literature_2019_2020,B,external_plus_spatial_distribution,spatial_distribution_features,ElasticNet,815,100,223,-0.5553437843165787,-0.6358453103925994,2.71097377967309,1.2670124050744582,279.62020176847307
literature_2019_2020,B,external_plus_spatial_distribution,spatial_distribution_features,XGBoost,815,100,223,-0.024750610402617612,-0.11020010312613482,2.20049917970774,0.9935311700439453,215.08111265776634
literature_2019_2020,B,external_plus_spatial_distribution,spatial_distribution_features,LightGBM,815,100,223,-0.012427230251203847,-0.11053535716071283,2.1872278487107812,1.017119067798942,214.42176901735272
literature_2019_2020,C,spatial_distribution_only,spatial_distribution_features,ExtraTrees,815,100,139,-0.003443136544424741,0.05290049247234008,52.49119823309574,23.91599198866641,33.73990709385091
literature_2019_2020,C,spatial_distribution_only,spatial_distribution_features,HistGBR,815,100,139,-0.036121948714177066,-0.04532976510759279,53.33908239117386,25.116886163223967,36.986886809854674
literature_2019_2020,C,spatial_distribution_only,spatial_distribution_features,ElasticNet,815,100,139,-0.02928608450423309,-0.11396178778452826,53.16283763821236,25.13297966665219,38.044434046925254
literature_2019_2020,C,spatial_distribution_only,spatial_distribution_features,XGBoost,815,100,139,0.0405640491940259,0.07160263094400077,51.327261914559436,24.222084960021974,36.394001375376305
literature_2019_2020,C,spatial_distribution_only,spatial_distribution_features,LightGBM,815,100,139,-0.03662806922694828,-0.052163483421383106,53.3521082265233,25.132039026922943,36.26399878580021
literature_2019_2020,C,external_plus_spatial_distribution,spatial_distribution_features,ExtraTrees,815,100,223,0.01954227593128155,0.07310680450819251,51.88651947605036,23.560994600771178,33.727570514195264
literature_2019_2020,C,external_plus_spatial_distribution,spatial_distribution_features,HistGBR,815,100,223,-0.0312517550205329,-0.09674987189141904,53.21357706788433,25.375016335526343,37.078200062545314
literature_2019_2020,C,external_plus_spatial_distribution,spatial_distribution_features,ElasticNet,815,100,223,-0.06834273570317762,-0.18830374632232516,54.16208868237152,25.731797019217865,39.46447062035571
literature_2019_2020,C,external_plus_spatial_distribution,spatial_distribution_features,XGBoost,815,100,223,0.03474898587460151,0.08779357085750905,51.482572120842214,23.701031817321777,35.03834680048692
literature_2019_2020,C,external_plus_spatial_distribution,spatial_distribution_features,LightGBM,815,100,223,0.016152368549752327,0.03975239310131762,51.976140231287154,24.11918587622035,35.419578381275464
literature_2019_2020,D,spatial_distribution_only,spatial_distribution_features,ExtraTrees,815,100,139,-0.059814798287900706,-0.251858672508372,59.26114362467618,24.503704265715005,62.377745263837184
literature_2019_2020,D,spatial_distribution_only,spatial_distribution_features,HistGBR,815,100,139,-0.03421800380440354,-0.293711069338342,58.54112787888971,25.169314138212002,58.921141852179524
literature_2019_2020,D,spatial_distribution_only,spatial_distribution_features,ElasticNet,815,100,139,0.29517875008381,0.02712627701423298,48.32752267387783,21.81424282555968,51.681810621111005
literature_2019_2020,D,spatial_distribution_only,spatial_distribution_features,XGBoost,815,100,139,0.03370493887018067,-0.20850042708783012,56.58612029692493,24.2755557345581,58.037998895660536
literature_2019_2020,D,spatial_distribution_only,spatial_distribution_features,LightGBM,815,100,139,-0.13970565429634818,-0.44125082590035714,61.454174611249044,26.550091696816274,68.04362265351511
literature_2019_2020,D,external_plus_spatial_distribution,spatial_distribution_features,ExtraTrees,815,100,223,0.0025034583886995865,-0.23556008548223328,57.49243963862838,24.66103966719941,62.18389931116681
literature_2019_2020,D,external_plus_spatial_distribution,spatial_distribution_features,HistGBR,815,100,223,-0.051024546407124616,-0.2690202333167302,59.01487180933999,25.669534615646167,63.57801732882737
literature_2019_2020,D,external_plus_spatial_distribution,spatial_distribution_features,ElasticNet,815,100,223,0.08904783885425216,-0.1743840567984416,54.941792435954724,24.469386410384065,62.91857351087582
literature_2019_2020,D,external_plus_spatial_distribution,spatial_distribution_features,XGBoost,815,100,223,0.05088521970305837,-0.16196384282959708,56.08082668269687,23.877359289093015,58.56862605811215
literature_2019_2020,D,external_plus_spatial_distribution,spatial_distribution_features,LightGBM,815,100,223,-0.19051256459836563,-0.3727678825225096,62.80902188363585,26.535847882027177,71.81274438371662
literature_2019_2020,E,spatial_distribution_only,spatial_distribution_features,ExtraTrees,815,100,139,0.0642764881182879,0.07374781645889816,10.86028706716462,7.423887689144608,26.913508952725003
literature_2019_2020,E,spatial_distribution_only,spatial_distribution_features,HistGBR,815,100,139,-0.008894719989136934,-0.0008571905208480946,11.276918936193766,7.969763239674881,28.665994505170733
literature_2019_2020,E,spatial_distribution_only,spatial_distribution_features,ElasticNet,815,100,139,0.12045246296689727,0.0792132699750916,10.529244058079172,7.697927254993947,28.82686178194595
literature_2019_2020,E,spatial_distribution_only,spatial_distribution_features,XGBoost,815,100,139,0.07964069312260569,0.06903492323633686,10.77075725485964,7.5126580856323235,27.573180196105085
literature_2019_2020,E,spatial_distribution_only,spatial_distribution_features,LightGBM,815,100,139,0.014891985389606899,0.02725184356533994,11.14318806297525,8.004726694094666,28.679840426034552
literature_2019_2020,E,external_plus_spatial_distribution,spatial_distribution_features,ExtraTrees,815,100,223,0.06395465091057495,0.06439289404269022,10.862154576065054,7.375131097720573,27.1935271783481
literature_2019_2020,E,external_plus_spatial_distribution,spatial_distribution_features,HistGBR,815,100,223,-0.010969751900179014,0.005282755345362711,11.288509812152274,7.797663647329503,28.398125032110507
literature_2019_2020,E,external_plus_spatial_distribution,spatial_distribution_features,ElasticNet,815,100,223,0.06298309333083052,0.04082464279511977,10.867790238720517,7.945535753690316,29.502597897304117
literature_2019_2020,E,external_plus_spatial_distribution,spatial_distribution_features,XGBoost,815,100,223,-0.04044522317356769,-0.022496356216812563,11.451889379385378,7.7094319483947755,28.88435370352869
literature_2019_2020,E,external_plus_spatial_distribution,spatial_distribution_features,LightGBM,815,100,223,0.01944618677030452,0.050137242992251974,11.117400478944676,7.61800909145957,27.18338767007254
literature_2019_2020,F,spatial_distribution_only,spatial_distribution_features,ExtraTrees,815,100,139,0.13417945414148058,0.22745239752070323,79.86034892494568,38.811771602289475,66.25794528195962
literature_2019_2020,F,spatial_distribution_only,spatial_distribution_features,HistGBR,815,100,139,0.07162556809842646,0.13830433102125528,82.69492264268014,40.6205504946056,69.09708310562138
literature_2019_2020,F,spatial_distribution_only,spatial_distribution_features,ElasticNet,815,100,139,-0.5493684680330122,0.21156509147366442,106.83034139947715,43.64541385679106,63.076517724932344
literature_2019_2020,F,spatial_distribution_only,spatial_distribution_features,XGBoost,815,100,139,0.14589450897952017,0.25341714139232596,79.31823043385165,37.5701193283081,60.84171502960323
literature_2019_2020,F,spatial_distribution_only,spatial_distribution_features,LightGBM,815,100,139,0.14317329416113755,0.16847352538117155,79.44448550381554,38.72877733207133,69.04731894433365
literature_2019_2020,F,external_plus_spatial_distribution,spatial_distribution_features,ExtraTrees,815,100,223,0.12144053380447684,0.2643706506911264,80.44570108864866,38.303224611135825,62.613996402945396
literature_2019_2020,F,external_plus_spatial_distribution,spatial_distribution_features,HistGBR,815,100,223,0.021673744176124887,0.19927960209004458,84.89050442920662,40.535743212816385,67.03781460553617
literature_2019_2020,F,external_plus_spatial_distribution,spatial_distribution_features,ElasticNet,815,100,223,-0.467010505980618,0.14778635752998992,103.95224469457762,45.261051024809724,63.787967817043814
literature_2019_2020,F,external_plus_spatial_distribution,spatial_distribution_features,XGBoost,815,100,223,0.12077768041558534,0.27823631866512244,80.47604260424752,37.86024228591919,60.48099029796282
literature_2019_2020,F,external_plus_spatial_distribution,spatial_distribution_features,LightGBM,815,100,223,0.15568322860863448,0.23359044710932475,78.86239601160658,38.20291331260524,67.93020871954944
literature_2019_2020,G,spatial_distribution_only,spatial_distribution_features,ExtraTrees,815,100,139,-0.06223725727168383,-0.18958408164607032,128.41872398904968,50.2178234156149,37.94902778183291
literature_2019_2020,G,spatial_distribution_only,spatial_distribution_features,HistGBR,815,100,139,-0.20052728408278409,-0.2729863841692206,136.52230200709997,53.26011038604408,40.29670446862529
literature_2019_2020,G,spatial_distribution_only,spatial_distribution_features,ElasticNet,815,100,139,-0.25303788896083623,-0.41688714430473417,139.4760652301485,57.15552154052064,43.230302318027
literature_2019_2020,G,spatial_distribution_only,spatial_distribution_features,XGBoost,815,100,139,-0.042118073202134454,-0.07981387866911005,127.19676008678053,46.768845731506346,33.208377740496346
literature_2019_2020,G,spatial_distribution_only,spatial_distribution_features,LightGBM,815,100,139,-0.1959336736880164,-0.3539265877509534,136.26086216902823,56.236943905882036,42.57443812210255
literature_2019_2020,G,external_plus_spatial_distribution,spatial_distribution_features,ExtraTrees,815,100,223,-0.04909759074616038,-0.13956026150988565,127.62199526385854,48.92654446688876,38.193338486752374
literature_2019_2020,G,external_plus_spatial_distribution,spatial_distribution_features,HistGBR,815,100,223,-0.06543076505878331,-0.12216479960087612,128.6116180054946,51.65430491502095,39.9460330356715
literature_2019_2020,G,external_plus_spatial_distribution,spatial_distribution_features,ElasticNet,815,100,223,-0.19268830489049638,-0.4532388575575681,136.07585309393164,57.85922708719144,46.185226840799125
literature_2019_2020,G,external_plus_spatial_distribution,spatial_distribution_features,XGBoost,815,100,223,-0.013996421316696095,-0.0133586661708478,125.46881505138138,46.478013858947754,34.36578222849946
literature_2019_2020,G,external_plus_spatial_distribution,spatial_distribution_features,LightGBM,815,100,223,-0.14499468890366596,-0.22601585868825058,133.32737278722993,54.74244653830824,41.3743550120388
literature_2019_2020,H,spatial_distribution_only,spatial_distribution_features,ExtraTrees,815,100,139,0.01996903627178026,0.03936869047586178,0.35346037747421644,0.11970597403844202,67.41518239647066
literature_2019_2020,H,spatial_distribution_only,spatial_distribution_features,HistGBR,815,100,139,-0.04629321407323217,-0.06934940675671819,0.365214105369941,0.13098495094829962,77.30455429272223
literature_2019_2020,H,spatial_distribution_only,spatial_distribution_features,ElasticNet,815,100,139,0.12414120194415701,0.18814261629977858,0.33414724648039873,0.11478151642451685,63.74833196942894
literature_2019_2020,H,spatial_distribution_only,spatial_distribution_features,XGBoost,815,100,139,0.038253933839033305,0.06771422928213322,0.35014751424577617,0.11798094700443745,63.679834916995645
literature_2019_2020,H,spatial_distribution_only,spatial_distribution_features,LightGBM,815,100,139,-0.053412934373374465,-0.0808295619448609,0.3664545864285684,0.12637306564592862,69.69569742272323
literature_2019_2020,H,external_plus_spatial_distribution,spatial_distribution_features,ExtraTrees,815,100,223,0.017288220937674126,0.033178587972701123,0.3539434820495487,0.12099921597367816,72.98920139062926
literature_2019_2020,H,external_plus_spatial_distribution,spatial_distribution_features,HistGBR,815,100,223,-0.026766544430941064,-0.05219063595797602,0.36179011192014865,0.1363677034220915,87.57220616529344
literature_2019_2020,H,external_plus_spatial_distribution,spatial_distribution_features,ElasticNet,815,100,223,0.12487024129666313,0.1898194349927108,0.3340081503118141,0.11426255432434047,63.08471294265706
literature_2019_2020,H,external_plus_spatial_distribution,spatial_distribution_features,XGBoost,815,100,223,0.06256685754308866,0.09518412266129506,0.3456933220618279,0.12020599769341946,70.5071048884761
literature_2019_2020,H,external_plus_spatial_distribution,spatial_distribution_features,LightGBM,815,100,223,-0.05520801360766492,-0.08339925164767648,0.3667666838959266,0.12797259105861067,77.90943754931375
temporal_2022_2026,A,spatial_distribution_only,spatial_distribution_features,ExtraTrees,938,34,139,0.10678381002349435,0.11642109210472762,18.151218502536107,7.542428264206751,50.388002129303985
temporal_2022_2026,A,spatial_distribution_only,spatial_distribution_features,HistGBR,938,34,139,0.08194390260935602,0.050934757651816986,18.401876061598458,7.784565014896727,52.5904078067388
temporal_2022_2026,A,spatial_distribution_only,spatial_distribution_features,ElasticNet,938,34,139,0.10321511176337783,0.0018694766882438874,18.187442459771074,8.108734241030437,65.27639092562526
temporal_2022_2026,A,spatial_distribution_only,spatial_distribution_features,XGBoost,938,34,139,0.15111858272673573,0.1814909561792718,17.695017846309376,7.3570363251181226,49.66857916600746
temporal_2022_2026,A,spatial_distribution_only,spatial_distribution_features,LightGBM,938,34,139,0.09940081515720733,0.08434168990453184,18.226079758462618,7.7328958805439845,52.22078500480855
temporal_2022_2026,A,external_plus_spatial_distribution,spatial_distribution_features,ExtraTrees,938,34,223,0.1038144824648487,0.13383812469708567,18.18136360946094,7.413709083693804,48.90775716322738
temporal_2022_2026,A,external_plus_spatial_distribution,spatial_distribution_features,HistGBR,938,34,223,0.18963470819060202,0.18623297143759832,17.28892170569136,7.168860604758305,47.74466338801869
temporal_2022_2026,A,external_plus_spatial_distribution,spatial_distribution_features,ElasticNet,938,34,223,0.13653773281467096,0.0414043378991269,17.846340448717147,7.889258492004217,60.96274180477176
temporal_2022_2026,A,external_plus_spatial_distribution,spatial_distribution_features,XGBoost,938,34,223,0.1390678837295295,0.2012925851197931,17.82017424387011,7.091024698818432,47.29711453134957
temporal_2022_2026,A,external_plus_spatial_distribution,spatial_distribution_features,LightGBM,938,34,223,0.1308542342571528,0.16556949674092314,17.904978384063213,7.5247729044640606,49.83492663960385
temporal_2022_2026,B,spatial_distribution_only,spatial_distribution_features,ExtraTrees,938,34,139,-0.01905693738069303,-0.18866582034049673,2.0761074365556755,0.9704293399145243,398.07105406487307
temporal_2022_2026,B,spatial_distribution_only,spatial_distribution_features,HistGBR,938,34,139,-0.23757790268069257,-0.4238312470836507,2.2878991254922045,1.0653778784846173,344.5161109801304
temporal_2022_2026,B,spatial_distribution_only,spatial_distribution_features,ElasticNet,938,34,139,-1.3207271239321927,-0.9743738856460489,3.1330161836397585,1.5268600231121696,592.6900001479329
temporal_2022_2026,B,spatial_distribution_only,spatial_distribution_features,XGBoost,938,34,139,0.05947132340234473,0.026857885998684772,1.9945118456710285,0.8721034937185399,290.11334294099777
temporal_2022_2026,B,spatial_distribution_only,spatial_distribution_features,LightGBM,938,34,139,-0.14882344282899806,-0.4316535114037472,2.2043332102769995,1.0654843890076588,394.35640614619876
temporal_2022_2026,B,external_plus_spatial_distribution,spatial_distribution_features,ExtraTrees,938,34,223,-0.018863781944335134,-0.24819651452895242,2.075910671082038,1.0149200683766018,440.79297658146885
temporal_2022_2026,B,external_plus_spatial_distribution,spatial_distribution_features,HistGBR,938,34,223,-0.043849094762955954,-0.14038777288687343,2.101209998063594,0.9774513623823218,323.2323875738688
temporal_2022_2026,B,external_plus_spatial_distribution,spatial_distribution_features,ElasticNet,938,34,223,-1.0255026183131846,-0.8263166182911674,2.9269614572963474,1.454824379010628,578.8562833068988
temporal_2022_2026,B,external_plus_spatial_distribution,spatial_distribution_features,XGBoost,938,34,223,0.10709058397375948,-0.031007168763372617,1.9433646586358873,0.9108511518520467,373.8480144917548
temporal_2022_2026,B,external_plus_spatial_distribution,spatial_distribution_features,LightGBM,938,34,223,-0.017049233569701894,-0.31426522355021613,2.0740612977716544,1.0698859445277238,434.27031586538084
temporal_2022_2026,C,spatial_distribution_only,spatial_distribution_features,ExtraTrees,938,34,139,-0.028348480892672168,-0.2356787806550973,34.49858479203435,22.93264942843052,63.96841770495727
temporal_2022_2026,C,spatial_distribution_only,spatial_distribution_features,HistGBR,938,34,139,-0.0064452014930287405,-0.1852205215732896,34.12920649913815,22.942290638687943,62.19929127602487
temporal_2022_2026,C,spatial_distribution_only,spatial_distribution_features,ElasticNet,938,34,139,-0.2325824594556425,-0.6928321427663471,37.76931565228225,29.90065426010761,89.49407829663915
temporal_2022_2026,C,spatial_distribution_only,spatial_distribution_features,XGBoost,938,34,139,0.0027739041475861592,-0.20204116768905478,33.97253397917363,22.846533114713782,62.118439798210986
temporal_2022_2026,C,spatial_distribution_only,spatial_distribution_features,LightGBM,938,34,139,-0.012840991570779225,-0.1662388631607381,34.23747744581965,22.589047370354592,59.55867856453857
temporal_2022_2026,C,external_plus_spatial_distribution,spatial_distribution_features,ExtraTrees,938,34,223,-0.017683043081820893,-0.25247445912222544,34.31921878964224,22.905633424202765,64.79246935056705
temporal_2022_2026,C,external_plus_spatial_distribution,spatial_distribution_features,HistGBR,938,34,223,-0.016829866322827236,-0.22384980989759962,34.304829977995986,23.695554714641464,65.16942446288337
temporal_2022_2026,C,external_plus_spatial_distribution,spatial_distribution_features,ElasticNet,938,34,223,-0.35228000104067836,-0.8304110982847661,39.56074275777664,31.161178009600174,92.29625654915381
temporal_2022_2026,C,external_plus_spatial_distribution,spatial_distribution_features,XGBoost,938,34,223,0.044891842975476104,-0.09079382816674064,33.24737802296697,21.437148813584272,57.141966947099206
temporal_2022_2026,C,external_plus_spatial_distribution,spatial_distribution_features,LightGBM,938,34,223,-0.008509227590618229,-0.16148018106400785,34.16418480358125,22.626890758697623,60.847261451505084
temporal_2022_2026,D,spatial_distribution_only,spatial_distribution_features,ExtraTrees,938,34,139,0.08211437912031283,0.25365147843482183,48.28435345071942,16.95540881912081,26.225958193042636
temporal_2022_2026,D,spatial_distribution_only,spatial_distribution_features,HistGBR,938,34,139,-0.023897727189522877,-0.05117664442022085,50.99650658445811,19.185184598469526,30.432029947373636
temporal_2022_2026,D,spatial_distribution_only,spatial_distribution_features,ElasticNet,938,34,139,0.15412229174669267,0.31819095312315526,46.351727762984495,17.383824768564995,29.06744316433788
temporal_2022_2026,D,spatial_distribution_only,spatial_distribution_features,XGBoost,938,34,139,0.08983069627353979,0.2933000945091103,48.08097096260687,16.88073985739315,25.741093471052157
temporal_2022_2026,D,spatial_distribution_only,spatial_distribution_features,LightGBM,938,34,139,0.031872883941150176,0.10793155689588652,49.588198307627195,18.258336941310958,29.775749117059064
temporal_2022_2026,D,external_plus_spatial_distribution,spatial_distribution_features,ExtraTrees,938,34,223,0.17956254519123027,0.33482085705782305,45.64937927031646,16.6159233692674,28.42807128608678
temporal_2022_2026,D,external_plus_spatial_distribution,spatial_distribution_features,HistGBR,938,34,223,0.06586408150448797,0.11142509449375648,48.70989269850082,18.966474218271873,32.50289776607868
temporal_2022_2026,D,external_plus_spatial_distribution,spatial_distribution_features,ElasticNet,938,34,223,0.19229051698996125,0.32338032945224626,45.29390115986811,17.18253844558655,29.500856075468633
temporal_2022_2026,D,external_plus_spatial_distribution,spatial_distribution_features,XGBoost,938,34,223,0.16898193298955932,0.37131987535560096,45.94279049490496,15.835921383128447,26.5798749911973
temporal_2022_2026,D,external_plus_spatial_distribution,spatial_distribution_features,LightGBM,938,34,223,0.09610907409028224,0.194436587919827,47.914851933055985,17.327296502055923,29.982941535978014
temporal_2022_2026,E,spatial_distribution_only,spatial_distribution_features,ExtraTrees,938,34,139,0.10315721257923316,0.1689261590063469,23.045330322200094,10.641263006211606,24.399445126139483
temporal_2022_2026,E,spatial_distribution_only,spatial_distribution_features,HistGBR,938,34,139,-0.03282158877444763,0.024876473859057335,24.73075819979476,11.82941739364019,27.016793022845746
temporal_2022_2026,E,spatial_distribution_only,spatial_distribution_features,ElasticNet,938,34,139,-0.36701414831187473,-1.203214477793603,28.451900570517143,12.03795108823294,26.71862390767361
temporal_2022_2026,E,spatial_distribution_only,spatial_distribution_features,XGBoost,938,34,139,0.06696298994529237,0.11743740529698232,23.50575542508429,11.163373882069308,25.85393152558074
temporal_2022_2026,E,spatial_distribution_only,spatial_distribution_features,LightGBM,938,34,139,0.010027819503395596,0.03934437946209668,24.212312627948723,11.81215477451125,27.9953737847272
temporal_2022_2026,E,external_plus_spatial_distribution,spatial_distribution_features,ExtraTrees,938,34,223,0.45217267272298656,0.32567923034592206,18.011364854837716,8.773764733959245,21.862092023324056
temporal_2022_2026,E,external_plus_spatial_distribution,spatial_distribution_features,HistGBR,938,34,223,0.33727404744262357,0.27105900474815414,19.810332579386305,10.632516386929026,26.53371879669229
temporal_2022_2026,E,external_plus_spatial_distribution,spatial_distribution_features,ElasticNet,938,34,223,-0.33827349966279585,-0.9483104946619549,28.151219735304906,11.958604114749225,25.555789840578687
temporal_2022_2026,E,external_plus_spatial_distribution,spatial_distribution_features,XGBoost,938,34,223,0.41615380021852644,0.34781238547631155,18.59405051457334,9.472539916543399,22.61078664091011
temporal_2022_2026,E,external_plus_spatial_distribution,spatial_distribution_features,LightGBM,938,34,223,0.4281545059761134,0.2670365556822625,18.401961988048022,9.520716870019696,25.030396595755043
temporal_2022_2026,F,spatial_distribution_only,spatial_distribution_features,ExtraTrees,938,34,139,0.10507607879076986,-0.39286720378099327,76.0992776578956,46.665098431908056,34.655927938218774
temporal_2022_2026,F,spatial_distribution_only,spatial_distribution_features,HistGBR,938,34,139,-0.09359856389311427,-0.777175396416049,84.12332725334689,55.7268836569334,43.778212687126086
temporal_2022_2026,F,spatial_distribution_only,spatial_distribution_features,ElasticNet,938,34,139,-0.09260516652689899,-1.3081948856411896,84.08511081778434,58.156354416267476,46.46557378999925
temporal_2022_2026,F,spatial_distribution_only,spatial_distribution_features,XGBoost,938,34,139,-0.06771524556726272,-0.7036139732608029,83.12184950632961,49.16019009040383,36.1816259677451
temporal_2022_2026,F,spatial_distribution_only,spatial_distribution_features,LightGBM,938,34,139,0.18527541672335568,-0.33088118832361224,72.60940641237299,44.735727344986344,35.8099974024191
temporal_2022_2026,F,external_plus_spatial_distribution,spatial_distribution_features,ExtraTrees,938,34,223,0.11481438674501654,-0.4048455200434238,75.68409974267509,46.756927793203516,34.62777097766114
temporal_2022_2026,F,external_plus_spatial_distribution,spatial_distribution_features,HistGBR,938,34,223,-0.10898464608081726,-0.688869813157956,84.71303524460765,55.34216801442449,44.91196736680693
temporal_2022_2026,F,external_plus_spatial_distribution,spatial_distribution_features,ElasticNet,938,34,223,-0.19952621444300456,-1.5059374002613266,88.10333490479675,59.57662637673353,46.23985534201114
temporal_2022_2026,F,external_plus_spatial_distribution,spatial_distribution_features,XGBoost,938,34,223,-0.020188434453161985,-0.6457398800008887,81.25080525857993,52.065300667257866,40.589603020116
temporal_2022_2026,F,external_plus_spatial_distribution,spatial_distribution_features,LightGBM,938,34,223,0.07175100707706528,-0.39363984473715186,77.50321517794602,49.81238284681633,38.730932098921464
temporal_2022_2026,G,spatial_distribution_only,spatial_distribution_features,ExtraTrees,938,34,139,0.03140297035535966,-0.16929870578446438,27.004557671673876,19.59672413666695,38.8727350700888
temporal_2022_2026,G,spatial_distribution_only,spatial_distribution_features,HistGBR,938,34,139,0.10379880208575643,-0.06416437612745907,25.975759916889764,20.082316176820267,37.5395290382345
temporal_2022_2026,G,spatial_distribution_only,spatial_distribution_features,ElasticNet,938,34,139,0.018270334199116167,-0.18499348038126917,27.187010749835935,20.164145879297916,40.01634078370128
temporal_2022_2026,G,spatial_distribution_only,spatial_distribution_features,XGBoost,938,34,139,0.02776022175692039,-0.20667832441947942,27.05529006896227,18.697077334235697,38.62994571624419
temporal_2022_2026,G,spatial_distribution_only,spatial_distribution_features,LightGBM,938,34,139,-0.22876553735465932,-0.35030116070121653,30.41585385520898,21.672115530109693,41.509197879105855
temporal_2022_2026,G,external_plus_spatial_distribution,spatial_distribution_features,ExtraTrees,938,34,223,-0.010007117151420886,-0.15651938805473953,27.57577447855237,21.65658793792135,40.62369146621022
temporal_2022_2026,G,external_plus_spatial_distribution,spatial_distribution_features,HistGBR,938,34,223,-0.027205013824431745,-0.1769678585947032,27.80955675387565,20.990855959266867,39.98393595469014
temporal_2022_2026,G,external_plus_spatial_distribution,spatial_distribution_features,ElasticNet,938,34,223,-0.6245324678548592,-0.44824027751487394,34.97274323547423,24.98478611833991,46.775779196438954
temporal_2022_2026,G,external_plus_spatial_distribution,spatial_distribution_features,XGBoost,938,34,223,0.10893557628803452,-0.20730868108194112,25.90121004917497,19.271868383071002,40.12374654143669
temporal_2022_2026,G,external_plus_spatial_distribution,spatial_distribution_features,LightGBM,938,34,223,-0.28204344278923554,-0.36284410803909006,31.068255815479866,23.309624756624515,44.12799393312953
temporal_2022_2026,H,spatial_distribution_only,spatial_distribution_features,ExtraTrees,938,34,139,-2.428420301140716,-1.8065964261345027,0.43660941906808615,0.196211276410667,341.48884744033967
temporal_2022_2026,H,spatial_distribution_only,spatial_distribution_features,HistGBR,938,34,139,-0.15779821838132602,-0.21865341118379011,0.2537245611616264,0.13076657428898408,209.79954086597004
temporal_2022_2026,H,spatial_distribution_only,spatial_distribution_features,ElasticNet,938,34,139,-2.4160589606858895,-1.8361449360665212,0.43582159977397056,0.20013670695910224,344.5068883593692
temporal_2022_2026,H,spatial_distribution_only,spatial_distribution_features,XGBoost,938,34,139,-0.19401784264307764,-0.23998413814596953,0.25766265640526304,0.1321714029487442,216.2983604891819
temporal_2022_2026,H,spatial_distribution_only,spatial_distribution_features,LightGBM,938,34,139,-0.16715810495016492,-0.21224970218982286,0.2547480783488623,0.13715501221853743,234.72575849322942
temporal_2022_2026,H,external_plus_spatial_distribution,spatial_distribution_features,ExtraTrees,938,34,223,-3.085213199333884,-2.1184106451318976,0.476599338011767,0.20521846243194578,371.400820927103
temporal_2022_2026,H,external_plus_spatial_distribution,spatial_distribution_features,HistGBR,938,34,223,-0.09457369046715325,-0.12440241048180933,0.24669967315401228,0.1284841229435556,218.6427174382166
temporal_2022_2026,H,external_plus_spatial_distribution,spatial_distribution_features,ElasticNet,938,34,223,-2.377979532548003,-1.822490817593351,0.4333857012332152,0.1980822210775333,341.63304662477543
temporal_2022_2026,H,external_plus_spatial_distribution,spatial_distribution_features,XGBoost,938,34,223,-0.20361812137842716,-0.2422207462440873,0.258696426975853,0.1304246579750496,219.4627648946912
temporal_2022_2026,H,external_plus_spatial_distribution,spatial_distribution_features,LightGBM,938,34,223,-0.11020133564355161,-0.12931511297329012,0.24845454417697413,0.12127543210400425,203.7200966191022
