row_id,lon,lat,year,target,observed,pred_RF,pred_RF_raw,pred_ExtraTrees,pred_ExtraTrees_raw,pred_HistGBR,pred_HistGBR_raw,pred_ElasticNet,pred_PLSR,pred_XGBoost,pred_XGBoost_raw,pred_LightGBM,pred_LightGBM_raw,pred_CatBoost,pred_CatBoost_raw,pred_NGBoost,pred_WeightedEnsemble
767,112.943613,28.676153,2018.0,D,31.3,31.474982636751047,35.82175576923076,34.39984982507301,36.428953846153824,30.6339529747119,36.356846427420095,33.89289156149218,33.47394797870255,30.436569213867188,33.811283111572266,30.503021931246987,33.04455066314213,30.898823291137216,35.007691594721514,30.583492686313708,31.81830045571971
70,106.761198,27.404742,2005.0,D,83.1,34.300954893664944,36.49599615384616,33.28290651050256,37.909923076923064,32.06112701640928,38.247379097837495,36.55804239580463,35.93738375477331,37.053680419921875,35.48613739013672,32.492538949424606,34.88161281098806,35.79567629553229,36.19277982110856,35.94803503336794,35.422255593922884
855,113.714555,27.592604,2019.0,D,43.5,48.41272566221471,49.517076923076914,46.61935951392468,47.53472307692301,60.1735236288228,62.71981438930599,34.654360186756826,33.83604172057446,49.91400909423828,51.808128356933594,50.640021816802985,64.30861109212088,42.616910320396755,49.9130001987467,44.25241590784027,46.948407091805294
485,126.285341,46.063573,2013.0,D,11.6,21.240123307957095,22.64450769230773,21.835208510770066,22.28919230769233,21.668625846127377,22.654153996207288,24.868453239936343,24.65009106201079,22.900989532470703,24.91204071044922,22.03847300487793,21.284316401966993,23.510371653360643,26.821484105051802,23.505488529419537,22.74066192530722
644,103.79414,30.857535,2016.0,D,35.1,32.44883043220771,36.07038846153845,32.53573357752621,33.490115384615386,35.15477078516393,34.53155610830049,34.30586025758158,34.24025765632133,33.72102355957031,33.468017578125,39.49859030397419,36.08069516395004,31.56582448088986,33.304635667968974,33.309168501293435,33.18711361133991
535,115.702693,34.422108,2014.0,D,21.87,28.077971979073038,31.41188461538463,28.299438627395126,28.196842307692314,28.34262244518385,23.511196782966888,30.24726432656656,30.184177842621235,29.137752532958984,30.02968406677246,26.72027830068708,28.536384578209976,28.692073774786518,30.238721132549173,29.827795749224073,29.082020669914442
277,119.223261,34.651049,2009.0,D,27.3,25.313783583982776,26.841796153846172,25.18023353440106,26.795092307692336,24.873440776482642,20.664584339894567,28.116846056271093,28.74706000708329,22.911399841308594,25.80978012084961,25.58603225360219,21.913374684838647,23.821819586982233,28.159084517597893,23.931530318840068,24.009411954795496
280,119.92621,31.351809,2009.0,D,27.47,31.718107813680398,31.42244615384617,29.311026406630855,31.552188461538467,22.02258590286887,16.352120912834,28.831457382881563,27.990530956846484,25.67287254333496,26.24090003967285,27.483390897157665,16.669284800002266,29.70993039430096,31.785762030664365,28.965701521021565,27.977084638553798
967,118.0,31.75,2025.0,D,30.0,33.51793827384537,34.46584230769231,35.03013257531446,39.78220961538461,35.2718068192058,41.219850680711644,38.44702720068852,40.400695603199566,35.25237274169922,36.73978805541992,31.4572208853305,32.66885481411738,37.072865369554464,40.86823494169901,34.46325828770484,34.91876012387098
889,130.49254,42.934759,2019.0,D,20.17,33.51540846649606,46.53186153846153,32.271865245980756,43.76996384615382,37.609439434056675,48.95497415351399,27.05758226403171,27.37919377703749,33.10169982910156,33.13953399658203,36.46147304901832,50.272208023625545,32.45312573582979,33.20016837923093,32.94897168893902,32.772386558368794
554,104.096775,36.595262,2015.0,D,30.8,82.68300572034978,91.6433884615385,93.57398228445152,100.91992307692304,87.84117503063534,116.42891774309575,50.595714221686926,47.951014714712116,67.80730438232422,85.19522857666016,86.82811485279636,103.37483281684838,59.20953114924923,79.62097135311117,50.19465298565882,70.70004787092351
867,117.186945,36.997281,2019.0,D,26.8,26.72178090350266,27.749613846153867,25.756730212279084,26.88066923076924,24.255410808020926,29.753116334979104,28.69839682941663,29.26181399183915,27.25506019592285,35.90089797973633,24.93730144018351,26.21785112165888,24.94349676024412,27.858248796542767,25.512022459725987,26.179183983813083
800,118.907991,28.955321,2018.0,D,21.3,40.68335493389401,67.35939230769223,43.11618561226758,69.23947692307682,49.717948451653484,72.0652616922564,37.18281335475193,37.26970919494855,44.90577697753906,88.82986450195312,48.34803888750781,90.13420410776054,41.96008601248887,49.724528088218875,44.65504219957336,44.22138405098036
478,121.604973,29.926185,2013.0,D,35.76,41.306130204470584,51.95823653846146,40.78835327077595,65.80868653846144,35.088854717553986,53.96068302016961,36.59818898401827,36.99921416615015,37.01394271850586,36.42405319213867,34.8529857264519,53.623412675871236,37.58475763705171,70.51029276212347,36.90466968795233,38.248090051046916
714,114.362655,25.415992,2017.0,D,55.84,40.54487169703614,96.95892307692306,40.63612876448542,89.18878846153842,35.68597176535969,39.687136307057656,57.23163273497383,59.633626825364274,34.135841369628906,46.67639923095703,25.171303968008473,38.43094597403674,42.33024690826548,58.27827571388123,39.58164974723191,38.109277125744775
411,116.667257,23.372892,2012.0,D,139.0,58.37962121815595,97.30578846153846,50.70582733155236,109.63505769230771,77.8793690837991,179.16862488219476,39.39406995002045,36.98631832541753,51.61872482299805,143.22938537597656,67.22676987861627,166.92823084658426,56.477855919622854,137.16485258213112,43.5571551172328,48.667311698124706
720,117.612823,34.307239,2017.0,D,15.488,27.884369019144728,31.52138846153846,27.181454546130702,28.917711538461536,24.923931691091397,22.184171713708565,28.70587858992716,26.877257049633553,29.663837432861328,29.712467193603516,26.424605019305837,21.67699176962152,27.98013183423916,29.246193393305653,29.367682214681437,28.731440233339892
30,120.672668,31.152666,2002.0,D,25.3,33.39520212323732,37.00209615384615,31.96549939892278,34.693257692307704,38.74009589231686,45.37852686379488,28.873589455788466,28.729296031218457,33.380332946777344,35.31549835205078,32.42694710359012,30.902091888623783,32.48221024670299,34.024114490856235,33.44803805921888,32.92648649237531
801,119.025059,33.616602,2018.0,D,34.5,28.95339526431151,31.308492307692315,28.923896519810008,29.91302307692311,32.611076560680594,30.720523158442205,32.23664635032617,32.436543911864035,27.97549819946289,31.724002838134766,32.248914277065325,25.93919214207354,27.540013896799273,32.125683926904955,27.563075524578046,28.15933190430342
307,113.737048,25.086004,2010.0,D,43.8,56.907685842396276,129.01973076923082,64.57962053770359,142.89296153846146,80.03983530386883,232.87425706192272,72.06530603622663,71.98226600945634,48.70849609375,127.9083023071289,79.30145400995661,292.28810281032236,79.5453960351315,127.73582844641491,53.32411336860377,55.56266327794127
210,109.893135,40.617094,2008.0,D,21.4,23.284017039023702,24.681988461538477,25.424547151994716,24.98245230769233,24.058127729631316,17.05408708558829,27.417924445484203,26.777901912942035,25.815582275390625,27.642480850219727,23.672656221354146,18.275491709118572,23.99981421952056,26.57223493512464,24.68339443179736,25.312644307747647
309,113.922616,34.702285,2010.0,D,38.0,23.00949404897983,25.24604153846157,26.731712463386945,25.29730076923078,19.85400561999817,20.76500532525818,27.21314872651839,27.843426199860232,22.0189266204834,24.206472396850586,21.194169778433874,24.78167403740209,23.19281166453373,25.1865495465769,23.67725871495518,24.148598443478814
168,114.385877,34.927276,2007.0,D,21.22,26.95026270713255,27.02568461538463,26.1977948119821,26.948176923076947,26.063977639766463,22.893268469022612,26.93185431888437,27.051557732440276,26.82533073425293,28.180416107177734,26.489162595837378,25.777917157308803,26.817215784548345,25.182697148538743,27.654792642494048,26.886250339098943
294,105.36883,31.846429,2010.0,D,26.48,28.017937157179947,29.335476923076918,27.28128304089472,26.968457692307656,30.297693888223126,28.89357328547423,31.509749157307496,30.814446744212752,27.955434799194336,30.096044540405273,28.61475221234704,28.18973218905023,27.587133764108742,29.74358679218692,27.272651578877166,27.504643185362106
59,119.077351,32.062053,2004.0,D,29.9,29.76732890690152,30.974357692307695,30.032905137305324,31.423053846153852,26.04374920906857,28.778699241042233,30.472985529082543,30.661693441049792,29.914159774780273,30.90400505065918,27.828385357646532,30.55661390114971,30.824368286471994,29.452908229235575,31.172658358079772,30.36691016249168
198,121.026474,31.310835,2007.0,D,43.6,32.97576670221312,35.46241923076925,33.93143179677894,40.70269999999998,31.301175766668766,41.93872524404297,31.485063951076643,30.611324764873245,31.027324676513672,32.73134231567383,31.973535877063792,33.75054363265424,33.18515412905699,35.46168354966296,31.48609341696788,32.15495924807022
352,114.03884,32.98568,2011.0,D,37.9,27.675653342738617,30.55984615384612,28.072771256670155,33.45749230769223,23.619267327343366,15.567028773854403,33.004429367084526,34.263871510549926,27.05673599243164,30.482608795166016,24.98707058191439,22.103298864147582,28.975766940877715,35.80375881577262,30.597412651257528,28.5599699891903
76,116.847493,36.610919,2005.0,D,60.9,23.460884820132023,25.22129230769234,23.354240812506813,26.07210153846155,23.729684421373253,23.317455984110936,25.44812140860813,24.584705027345894,23.908348083496094,24.910411834716797,18.049008242063692,28.609756106969538,23.80451599315388,25.23454239739552,23.59948068024277,23.62059508871245
23,112.577093,37.888382,2002.0,D,34.6,35.6730128738891,36.423857692307685,31.413866340985646,34.66978846153846,34.53786274518398,24.587523389466305,28.70471420784986,28.757101124691488,28.096574783325195,27.758760452270508,29.54065483842597,40.34217158513221,30.378180712976423,32.53157665112149,29.519763954161665,29.679571181818183
755,108.972609,34.432266,2018.0,D,18.9,40.937177102612225,48.1732423076923,43.38440953535729,55.01992692307689,34.20345502668055,63.98815872943335,35.682503662293534,33.409406375842366,39.964080810546875,67.7825927734375,37.70223265053865,101.7140842152169,41.549320775911426,47.714954876425665,38.5639037105128,40.65566403238724
796,118.308806,34.532263,2018.0,D,21.9,23.13447305215263,24.75518461538462,23.42663620941818,23.956438461538475,23.413470711202685,21.654599955862906,28.547023787239606,29.227738066476917,24.049970626831055,26.474260330200195,21.585727172615034,23.23914772316701,24.401767410060724,23.96087304407095,24.10947973184613,23.85975440938021
765,112.775627,25.763419,2018.0,D,49.0,38.36234503191417,51.86017307692305,42.03257180413557,47.371249999999975,31.273650571162353,53.20736504169345,45.870807872797286,46.616755360082294,36.28008270263672,33.29948806762695,36.009702205155705,35.48293317886396,42.62387818731058,48.903446053709345,35.577683596821174,37.98525208948751
653,113.115861,23.690225,2016.0,D,47.0,47.78331308009056,57.066288461538484,54.08122554182215,69.38125000000008,22.883500972029967,-114.93705919207228,54.387352104331654,52.88214592736618,51.00294494628906,68.46150970458984,29.789185128864123,4.68827394213282,49.79863818744252,64.41073715503519,49.536118763109236,51.55757666263707
261,113.920733,35.282,2009.0,D,41.1,31.908403325248116,34.84715384615385,32.15830707728587,32.3191153846154,33.68579118561177,30.438542300917636,28.040502070817524,28.463227023414046,29.971481323242188,28.895694732666016,32.71537968040314,32.594473315639085,29.05272129254599,31.177427294422117,30.83493986989343,30.99051051788681
174,116.653728,34.702816,2007.0,D,24.7,27.252397853569388,28.6930903846154,26.1605818333334,28.067684615384614,27.655704322817577,29.676539535309296,29.3337812557341,29.134387318113646,28.51182746887207,32.375946044921875,24.701652483137202,25.98464740528738,30.434106116912417,32.542938284529114,30.663777360603373,28.426548864199578
581,112.387509,31.071685,2015.0,D,17.665,23.677799475176172,25.0369730769231,20.73617232372975,21.77897307692311,23.00590777987101,22.300842983415738,30.358403035250657,29.9853239375714,25.394702911376953,28.479764938354492,20.529731198334666,23.999260477880746,25.688700861873663,33.55917534947404,26.318427199338387,24.130217806435112
244,120.76667,32.747289,2008.0,D,9.29,21.256578064462488,29.455794615384658,13.500109647173911,18.06165615384623,14.903285392211945,22.13878816222229,27.062643629169692,27.454492691680166,15.589764595031738,20.63861656188965,16.925344645608067,27.219564780650085,18.64935132432551,24.202017197802093,20.862298357755122,16.616076124963772
422,121.78259,39.05035,2012.0,D,28.7,30.913358414177385,38.04460384615387,32.893751404719694,37.05194461538463,39.79532814790898,41.78462542619367,28.5191205834657,29.938229001700247,31.263830184936523,31.25457000732422,36.22411226213416,41.52771826930881,30.467205404085245,33.26654164677722,29.951606166088244,31.38183768722309
923,109.7764,39.6081,2021.0,D,7.08,24.41163437143272,27.680146153846167,27.750147761206186,30.334892307692325,20.173199920916467,16.59288097566475,29.68331636577593,30.190699113881085,22.730138778686523,25.98966407775879,18.407659316019192,21.328853647505593,24.555525188537782,27.239385770424704,22.971838471527636,24.49851846048766
451,110.564302,24.979504,2013.0,D,130.21,44.1769550667857,58.57865384615383,45.588814458136056,58.86503846153842,69.2697200071141,103.77339281853435,40.44136611550813,40.53063154113893,48.01386260986328,76.44773864746094,62.321648400079475,111.77477010694916,49.099534217385816,74.2093244659865,40.90657050721453,44.866659921539295
696,107.005281,33.087837,2017.0,D,32.9,29.937512537342773,33.73869615384613,31.800166956226175,38.367349999999995,36.09550631826447,43.56191550134973,32.423318086972074,31.29995926346436,34.92346954345703,39.11351776123047,35.34459693505781,32.18243620771429,36.87207248592212,43.26344337910616,32.300668131008145,33.01226471387835
209,109.882385,40.669537,2008.0,D,26.1,21.73411667724836,24.31084615384619,24.040308122525854,25.481600000000032,20.0252583897594,18.2041956947015,26.177813634092104,26.654582858900852,23.19457244873047,22.52599334716797,20.965079339496466,8.111037278849423,24.237966164217745,23.62076265686439,26.0810600834409,24.42592687837964
704,110.01969,34.226859,2017.0,D,211.0,47.934637152131984,48.70787307692305,54.318138772579374,61.55653846153846,55.20978458902796,38.918804284276526,41.86392668523458,40.318554682338515,52.43677520751953,52.552188873291016,39.32505287880096,55.82704371383532,48.25091023943237,56.60423193467676,46.638767633555915,51.16802029985306
837,112.363869,32.51875,2019.0,D,38.9,27.78109146359862,29.212926923076925,28.653803545558343,30.946407692307687,24.777639303447046,23.526555625259533,29.709886749278894,29.632643177805292,24.550384521484375,28.512958526611328,20.42394137391016,25.618840270403084,26.153313814922935,28.87469950488144,25.294092757318957,26.175017919554605
96,121.658739,31.811031,2005.0,D,23.0,34.49554181273009,43.43232692307691,34.36703080646661,35.0467903846154,33.45336815996688,49.05471521306532,30.766361358107297,31.538594172516216,34.729854583740234,41.745731353759766,34.34867771573071,48.7689714530267,32.95895383146813,35.750560287908314,33.596350116344446,34.235977128802624
327,118.870159,37.40956,2010.0,D,17.1,22.598692889565278,24.388096923076944,23.98980361829846,24.848707692307723,26.193507938390105,31.280976984272904,27.955249660787896,27.92205747334946,25.456199645996094,34.131229400634766,26.00966645152248,41.27563264850483,24.011546807746488,28.26674032279461,23.451796112704677,24.305338689573805
584,112.537649,29.673422,2015.0,D,27.79,26.1054934784624,24.987592307692335,24.301686719548837,27.433807692307727,22.20906945810073,25.440217016135286,32.890121102509184,32.44177847116079,27.551082611083984,32.60218811035156,21.40657605377943,23.32065319147766,28.945910452508016,35.203546788443326,27.53732428046828,26.45323377878637
67,103.748501,30.95307,2005.0,D,141.7,30.39026523332449,32.5045923076923,31.840998320405074,33.411973076923054,30.947403994844066,52.35755318795907,31.469923249852734,29.358862199267648,31.479068756103516,50.70430374145508,27.61209796844629,38.02107652666352,30.981047379634813,34.79885383272615,30.264348100279985,31.20241224726577
39,116.85019,34.480375,2003.0,D,27.7,33.05600354057543,33.36408076923073,32.328102870117995,35.403888461538415,29.729429063849054,31.164371357486537,27.787246095086847,28.020199652707145,31.105091094970703,28.340370178222656,31.507182383670408,30.54351150153407,30.852575501545413,29.546859093890433,30.648319395581584,31.366778216127464
759,109.506388,28.574866,2018.0,D,43.51,46.87353974878154,65.30346153846146,47.229937575823776,55.337153846153896,52.62532490796599,61.387519675295486,37.69723517233552,38.3677178284223,54.381229400634766,57.9916877746582,48.0634947056452,69.07769430023403,47.733723214089906,58.635618567902924,53.05351777227415,51.53951029265076
404,108.737726,19.064865,2012.0,D,36.5,73.04010925144503,254.85292307692288,46.903319399516135,171.3253846153844,71.93861369265144,134.45727023776445,44.137305899281884,46.41733271041356,70.05223846435547,160.7115936279297,74.88847608032786,85.64395193851878,58.660910749987295,79.08663094824348,130.82867592446232,82.19830381858138
462,115.450036,38.766052,2013.0,D,28.1,31.148545308777475,29.520957692307693,30.62306218953699,31.384503846153855,31.362371291510527,33.47443019970441,27.776541155389175,27.710523457351425,29.306859970092773,29.598295211791992,31.892009697627746,29.70246919262861,30.337139915125597,29.2764168105821,30.023663287582302,29.98484344192528
120,118.76397,34.519334,2006.0,D,13.2,21.262748146899085,22.362330769230777,20.36495165430856,21.726230769230778,21.294873348481243,19.10643136170114,27.94724283696024,26.915804866535762,24.087581634521484,29.003076553344727,19.256025281458225,22.85575380114412,23.24110046370453,24.33634787833879,23.94443678460659,22.788062395251178
318,116.5645,33.266037,2010.0,D,17.13,22.319731624127915,24.99072307692307,25.82249545188531,26.864250000000002,26.871733412528435,35.98470111710249,30.27245901318456,29.29424220279113,27.092941284179688,30.987289428710938,24.35033093121317,20.765318240068005,26.83087212165853,28.986734009322724,26.621877004560336,26.510957629457693
139,120.941663,31.988532,2006.0,D,24.4,32.1936376154285,33.111659615384625,32.49505739779609,33.6576173076923,28.608728325878623,28.274267871091798,31.156215825958757,30.338124289489553,30.042570114135742,31.840734481811523,30.672562575717688,33.19937617342763,31.340959767130503,32.101248062630674,31.240643029813253,31.260743091635067
677,119.906973,31.841848,2016.0,D,39.58,36.440097020176914,35.28525576923081,36.266547277081806,39.273061538461555,36.01696862132609,40.15403694383995,33.96567920391316,33.79825484449072,36.326759338378906,40.630516052246094,37.830366692134355,47.039381498311535,35.55272609920817,35.78324353010392,34.76735383308037,35.79500443878767
557,104.671807,27.15787,2015.0,D,81.4,51.178126123509266,59.37800000000001,53.159327003899364,68.89169230769231,43.18161841512236,25.171762176072612,52.724488362409645,52.829125983390995,44.375144958496094,52.422340393066406,43.01110019359305,50.0004179808779,45.87668991537495,60.297740248947996,43.951361804971086,47.19178689728
107,112.775441,28.432659,2006.0,D,10.8,41.076048072704495,47.02989423076924,43.47697997804168,58.98144230769232,45.66361305875012,61.005076692561964,32.47624905583309,34.39850422301378,36.741424560546875,40.179264068603516,40.955365580912726,52.6639722734386,37.21369953585923,36.03034043529625,39.11316612366478,39.78570792931332
872,117.797209,30.864477,2019.0,D,30.7,42.48802979660739,48.34996153846148,40.40959571561349,45.19377692307686,46.56701321321985,25.67587445255812,41.70995485021411,41.71891697758236,47.94871139526367,48.391075134277344,48.33357429984018,39.04235755934101,47.59941832361803,53.466796027484065,44.75392833252434,44.36408823828712
572,111.822718,28.962843,2015.0,D,13.27,31.61537233208411,34.98565384615383,25.39912041053849,34.63673076923075,28.172279332305607,32.18525727568378,33.90724292937505,33.175607874414005,28.72724151611328,49.76432800292969,26.08909021082622,26.59189542382906,31.64454326750405,37.85612280235628,28.75797147700582,27.61749617419447
481,123.978611,47.351383,2013.0,D,23.6,32.333159534479826,40.055810769230746,25.98289670864065,27.711290769230757,26.46139651549074,26.367458812362692,25.044811668918165,25.443530905475967,25.139617919921875,25.12329864501953,26.803652182001887,31.033714266263946,25.214929312170987,28.6098855100399,22.119386740465828,24.432703556080156
382,118.35084,36.857709,2011.0,D,37.4,23.093973175938352,24.769986923076942,23.39185454374899,23.656200000000016,22.38107214106145,22.450900130176816,25.433534025521666,25.374712546230775,23.768260955810547,24.373750686645508,22.559109091979344,21.108435814576133,23.888120883701344,24.547437503346337,23.76701744315085,23.641202246126166
66,103.63757,30.499091,2005.0,D,34.77,42.12673685526329,42.97910000000003,33.57103033122422,39.86398846153846,48.87510269733806,53.258473533289205,30.608889501137792,31.628159236954726,33.50814437866211,31.142778396606445,41.05140311381884,52.06491166089405,33.10325947151054,32.99855587550961,35.01200602271899,34.02258022506811
292,100.189522,39.169706,2010.0,D,28.1,32.15728023999307,88.45488461538471,35.15446325837415,71.16204230769229,25.164335738351188,20.493812520238922,41.93304980206607,40.582356482101005,35.9032096862793,36.08620834350586,27.440278283056763,72.90249167702945,35.31042366205647,48.90060447797051,32.839098577773285,34.64622792715058
657,113.425865,27.751602,2016.0,D,36.7,36.477840054809086,39.22221153846153,42.53995316278536,42.112461538461524,38.40166618038868,35.62357447486887,34.72506974839622,35.21246905911603,43.088253021240234,38.64700698852539,39.722219445620404,36.24117992414109,39.70057447241772,45.606875571022364,38.77828277943435,41.490066362068376
617,113.762698,30.168393,2015.0,D,23.13,25.902792078672068,30.390976923076938,22.420996199269773,27.913119230769247,24.791112494354888,30.310023487885957,31.70321252370105,30.62079987177758,27.526968002319336,30.575519561767578,23.475048841880895,28.502461310753944,28.023190661383836,33.234444486272785,28.021049891851938,25.97100523437713
950,118.45,31.2128,2022.0,D,42.97,35.17137181713698,45.4554769230769,40.89092133541968,69.82598846153844,35.490004476632684,34.92020826427623,38.53492892937434,38.09460526827078,35.8964958190918,37.14103317260742,31.915086433563673,36.94406026707587,39.37072852912119,73.99501022364696,35.95564824867759,37.596390651902254
306,113.522388,24.736765,2010.0,D,479.0,64.92572638814792,157.84988461538438,50.14661433928537,109.49842307692309,50.960390347635794,110.86502974525247,76.99493395697385,77.20977772929501,88.77198791503906,68.97879791259766,58.820583164959224,135.25750213736532,62.55838072624827,81.29965627718428,57.207261883650695,65.42213344915172
290,124.351884,43.199341,2009.0,D,16.76,24.936758888697312,26.48909615384617,25.99854131147052,27.107303846153894,30.484860511921028,31.84134024146903,26.05224044883212,28.089046927363622,24.5155086517334,24.627033233642578,25.96817987238925,26.68744954654167,25.051298096361922,26.812362394829933,24.113208891986858,24.88255309199742
215,110.588596,31.355879,2008.0,D,51.4,38.12815351878041,42.680865384615366,34.78400976665733,41.90249230769234,34.53827549732133,45.7176320204892,32.126933490672236,34.20503505071806,33.380619049072266,33.599700927734375,36.69849415669268,40.860667057678654,35.46920761736223,35.290420084519454,32.76478074725129,33.65082404840344
786,117.87298,36.522726,2018.0,D,44.29,25.666603093733336,27.11698384615386,23.93909795374137,28.555407692307714,25.147076306790144,30.739099908565702,26.662094570045333,25.29271188779438,25.87948226928711,27.280776977539062,26.76725280319005,29.422153548979036,25.864344503866644,27.851506988234817,24.797186319869944,24.871594029727028
957,105.424,33.563,2023.0,D,31.18,35.01750793107507,61.04799999999995,33.653804861238484,44.24700769230771,47.43056955435005,51.096480926015985,39.547307732697455,39.83138027363596,37.68918991088867,49.861663818359375,45.03051154794105,40.778322650989516,33.43358222826636,53.40421541897485,42.040755970232595,37.75873119720662
63,102.031444,24.577861,2005.0,D,116.3,55.831547053111684,111.85469230769246,37.223020025441045,53.829923076923095,58.26316200547932,79.26903916243822,44.70413421527993,45.863602007278146,41.14496994018555,85.20854949951172,50.69690531826883,81.17769073908445,49.48369340910556,63.28745899572068,46.2712719993103,41.50679759478602
802,119.144811,29.160927,2018.0,D,41.6,51.89110885669638,78.25109615384609,48.6839648378834,66.97871923076919,50.44507715020897,107.04877063357134,37.71013227595655,37.890496587357234,50.22846221923828,68.6585464477539,63.43010571701839,75.81607213639867,47.147642120483496,45.03154824133783,56.85555897194783,51.882510345381434
344,105.134222,28.793704,2011.0,D,33.77,31.600974345475304,32.88113076923077,30.11972273025132,31.132115384615396,33.630620686596046,29.965747615817797,36.92779541069309,37.42485897608177,30.551746368408203,34.170928955078125,32.96774244815658,29.975567964094864,32.6066849972446,37.78542353271351,30.05025579032729,30.24188964414055
583,112.537649,29.649555,2015.0,D,26.46,29.84189345165539,32.49125,23.301933271980484,26.38452884615386,24.667501961828016,27.47309863554508,32.58449675810506,31.482704707805357,34.36791229248047,34.58974838256836,24.31104872547695,28.920477060798447,31.349893926885535,38.78157137465167,33.38822202640546,30.323157464142312
359,114.44691,33.762544,2011.0,D,31.5,31.72356418079316,49.1529461538461,30.1860385895199,34.81609999999995,30.387249755507085,38.13744734068922,31.113460384875715,32.021010630006955,26.864200592041016,44.674339294433594,27.84275740940246,54.87625465336603,28.162600462066557,32.107946428525004,29.838989167228938,28.95766142496293
432,125.89211,43.902289,2012.0,D,23.8,27.80912839924149,32.70508461538461,27.048318421314395,29.74307923076922,25.031308807811484,32.36421494907246,27.083410664277086,28.483626630601584,25.28028106689453,29.79384994506836,29.518346491447183,43.09648441685779,24.961399672279352,37.46943920018605,25.2870621914546,25.877403255293302
595,112.92321,27.841325,2015.0,D,68.9,34.5794088630706,58.17955769230769,29.06681954521686,28.42684615384619,38.19489506213927,46.46184871118576,32.80994473873346,33.089207892056905,37.19111633300781,50.537384033203125,27.052795754915024,40.21601312794272,34.27881986678093,43.3366324338619,38.299437085048666,34.82104115431031
88,120.670305,31.316292,2005.0,D,24.68,31.8605928903064,34.02012307692311,30.067325342799027,33.36058653846157,24.58437962427853,29.03211197665023,29.71858548457888,29.013295456860583,24.106544494628906,27.248201370239258,26.777241209497983,21.949365735594732,30.128760958676022,31.726873062290466,29.075815273801787,27.74214310207179
357,114.26921,34.765744,2011.0,D,24.0,30.701441395105228,30.86808076923077,30.54616291542535,31.014883076923066,33.25190420595372,32.45185612984064,28.05700758677757,28.207671437551234,28.77280044555664,28.4176082611084,27.481463317518966,34.21831073153723,28.81515177451555,30.927022836940232,29.632667084445295,29.651531981633873
86,120.599473,32.379547,2005.0,D,32.6,26.556560992745315,30.49011538461542,27.786906205543172,28.70160769230765,26.586578181363215,27.51964610337755,28.084279736256708,28.38157660702879,24.147899627685547,25.28286361694336,25.164522335662088,27.703770335325217,25.58293967139602,28.665071767713023,25.48764592447761,25.811774840447143
853,113.574778,25.246992,2019.0,D,243.5,61.82832177263251,93.80411538461544,83.53591341531252,145.2352884615385,74.9124378156414,118.49397890286866,68.88513135748497,68.30758420134336,44.86328887939453,93.29669189453125,38.26067216849424,78.90371166267626,70.16873818507447,121.30167312932821,54.36886909283007,60.993499014540674
670,117.702021,33.128526,2016.0,D,47.5,28.836711727264497,28.44151576923075,25.748598290380052,35.41394999999999,27.719628480110405,28.5338537104115,30.0704558673565,30.032419544915363,28.858722686767578,34.1105842590332,21.536851209294547,32.34354760363099,26.73496126368309,32.438932545942855,29.260066407461945,27.943891206725766
231,116.491921,36.300983,2008.0,D,22.42,26.332904567476735,27.5981953846154,26.475574347736874,27.149156153846192,21.704519075013412,22.720418178592602,26.552188862587364,27.06874297961394,23.73194122314453,23.620685577392578,23.030771804585733,25.498995831090152,24.484016232416494,25.094703808210085,26.140435608975476,25.445103196836214
636,124.783723,41.910881,2015.0,D,40.11,30.932028044557946,39.11826346153847,30.24958559793737,38.15399076923078,24.43219514706919,23.14222954447832,26.731489429142798,28.68179601284221,26.15477752685547,27.939165115356445,23.674665259804723,24.564596761225154,27.63660312177024,31.75130767289818,28.437245815913588,28.281236853196063
827,108.793283,34.238564,2019.0,D,48.3,36.05637288683726,41.02912692307692,40.74317409530936,48.29421923076919,31.760479685816804,28.251514496268957,34.65173561548974,35.763067218630376,37.88273620605469,45.74919128417969,30.461114015340783,31.748445342822865,37.170861375638566,43.366684164170216,37.18701170044788,38.61699595372495
605,113.167419,30.280416,2015.0,D,23.4,24.272433848531435,27.5850653846154,20.482402790567473,22.65886153846157,22.058305455170263,28.146858271758568,31.888081649164814,32.34915361628449,24.833744049072266,30.53910255432129,23.809280808893863,24.557746624373344,25.393964331652167,31.216307556899853,25.56185264871256,23.608456835203043
922,109.228057,27.685082,2021.0,D,48.63,38.334878166643826,40.51632307692308,38.57277002197365,43.581515384615386,46.50058918465844,26.191963684264575,44.05966016596919,44.46236718048331,44.526824951171875,43.51799392700195,43.790148302060075,34.87950360132975,43.15386620883786,50.03961435826763,41.520515221225175,41.53735340541565
275,118.81541,36.888428,2009.0,D,22.5,23.007914757314815,23.564476923076914,23.508078769335878,25.19073076923079,20.268435377367364,20.962597862823475,27.046243714920184,26.188253001789175,22.67111587524414,23.767667770385742,22.415109967718074,23.137612414366675,23.879322116242594,24.304941136020418,23.336519355080114,23.17098847421481
199,121.026474,31.389412,2007.0,D,30.96,31.151674533608283,31.86636923076923,31.136780771212,33.6773076923077,26.874347388921116,27.815519494058417,32.60472371936504,33.213472362542255,30.717653274536133,31.94588851928711,29.902734625958548,34.561576614382076,32.84876714560922,35.508958455876645,30.63174160289193,30.830499036121715
506,129.99962,46.113003,2013.0,D,17.1,25.510917222380822,24.800588461538435,24.203463631103283,26.0296692307692,22.396138755020665,19.20853866040493,25.099471977347566,24.272981705572718,24.132244110107422,25.819324493408203,24.892641563270438,22.754484895285458,24.39153423359503,26.343744501162767,23.543811374652407,23.963197843181753
310,114.57109,38.146376,2010.0,D,21.22,29.83685797345046,30.507390384615377,28.81530232977564,33.03466923076921,39.771899038507996,33.039293234587404,26.808372228553775,26.572816263185928,29.251562118530273,34.045684814453125,32.620826655258156,29.996770586206964,29.742878154573177,31.01834853439412,29.812935510044717,29.288906323280752
842,112.90492,29.839503,2019.0,D,55.89,37.20338376885549,45.163426923076926,39.167935354923145,45.140580769230745,37.22457525725942,43.829079547474365,33.98258282032198,35.991763117162506,34.882606506347656,32.572505950927734,34.88592003817193,42.83563581993116,34.8140370675602,34.74379839519744,34.39156830464499,36.16344291498167
946,112.85,35.49,2022.0,D,24.3,30.334644386478846,33.05399615384613,32.658046153681454,34.745792307692305,33.776739559960696,34.710740090369356,33.26821679200954,32.33301665611286,26.477405548095703,29.31020164489746,38.10400400639843,32.21125019569633,29.11068862593739,33.1643894410309,27.370364266197743,28.84992434606764
590,112.792262,28.408665,2015.0,D,15.85,26.372085968079634,27.728636538461576,23.139166304372697,23.209557692307726,24.33010349794279,23.06532011112943,35.02571936287786,36.54624822247326,29.188495635986328,35.553077697753906,21.720244247574698,28.847126885393806,30.04053922796063,39.381776679458376,29.803665963146635,27.35483573556834
603,113.123911,29.520642,2015.0,D,13.33,30.02756094954898,34.440499999999986,23.37217791542302,27.099500000000024,28.319655991694592,33.61736644910851,32.989052201335575,32.80859499588982,29.62731170654297,33.21855545043945,24.002188026855436,44.9724030287577,30.335835878649615,37.14702495880408,32.68074944169052,28.524171572495742
716,115.649115,37.768609,2017.0,D,20.8,30.985515395495593,34.90826923076926,32.15088509498565,35.98941153846153,32.95709737754578,29.1954668495893,28.93640729537346,29.473325829336616,29.297107696533203,32.23640823364258,32.593601979467124,30.316799662025378,29.813203586543143,31.928871533737038,30.20035060146296,30.55359805560944
825,106.844951,23.734067,2019.0,D,32.48,44.22954263757679,42.97819230769232,41.5697960742601,52.88192307692307,48.138890184518736,27.712009887599383,37.17108666201233,36.57859926737065,47.51812744140625,49.47672653198242,48.532720234090704,47.06373651065972,43.744974758807075,55.604136111655826,41.67043139415865,43.59858856544021
621,116.339447,39.639633,2015.0,D,26.4,60.49073100202341,101.36744230769244,40.16687453066313,141.4891538461539,47.698952641125494,126.36929960811311,52.9746103336252,56.18307783919632,67.84038543701172,126.63359069824219,90.90650756174091,142.9428476726671,38.52035443030161,179.56530201657458,75.33244264170774,60.986422341493785
529,114.46741,34.480635,2014.0,D,18.84,30.275356221855194,28.740617307692315,26.984596948117463,29.07250384615389,26.43122473477867,27.960485181634454,29.19100983444349,29.87144264355933,27.42463493347168,28.276697158813477,27.05154399363202,28.59842721574138,27.74101236704607,31.419726214104564,28.855786112032597,27.74600063532268
398,127.189437,43.434973,2011.0,D,29.4,30.864676030057023,29.015,30.35489267000092,31.452644615384614,25.882029161995554,30.223205112429543,26.604431396316986,27.242410905653287,32.07301712036133,28.59048080444336,28.060493855434814,32.542016347853426,28.446386056609175,30.360307750218347,29.167997470644988,30.54204825653648
235,119.176467,31.819449,2008.0,D,23.7,33.54595924010573,37.49796153846151,33.46260173177059,35.155442307692304,34.74953810382579,33.95084318399946,30.54912027619815,30.026817899332958,30.177324295043945,35.82515335083008,34.31957727611061,40.05015197032,31.88761736358917,33.71483934559987,31.392805464344722,31.68141921334707
911,118.821179,28.970996,2020.0,D,14.3,39.09033668316759,58.948384615384526,45.5766090915626,57.9247807692307,50.92256885573238,74.95097215604655,42.11271437951692,44.62295687007882,51.32064437866211,92.88502502441406,50.70069098173083,94.78326293524512,42.29486067685614,49.819709469208235,51.5903631304371,49.47639751236358
781,116.793612,36.791337,2018.0,D,23.4,25.21523042292666,25.954429230769257,25.155687260378436,26.392323076923113,23.591951278425498,28.82484775994438,29.50861468430189,29.999218637549426,24.073410034179688,26.716352462768555,26.338465640803737,30.24135039041736,25.17417911549373,25.69149322043546,24.346862409931056,24.52726192880582
72,112.890296,31.38683,2005.0,D,62.3,25.6622343435819,24.98950384615387,23.264359108521838,25.093234615384635,20.53251207743682,17.2016347612808,28.601478143620877,29.40476254225814,23.917110443115234,25.109394073486328,20.48483849723179,24.209012525033238,24.178274784645765,26.67160965293075,24.34570376994016,23.838058229727842
936,123.4667,41.9833,2021.0,D,37.5,38.77785291376848,41.53486153846151,36.93004479711397,58.49369615384623,39.12892358652026,44.34564073257856,28.85854807538352,28.184280005905062,31.055574417114258,38.15080642700195,39.66103724001206,48.26037081405489,31.109503508548872,33.33180644953211,27.441643986597594,31.846786111097853
44,117.951912,34.324321,2003.0,D,33.7,26.915294065569636,29.88668461538464,28.784067389494105,31.195280769230788,24.88344156645986,31.50570067478566,28.8973060906888,29.658185014974677,23.996997833251953,26.721372604370117,28.11706237494272,32.86056866441206,25.435272791206494,27.747613444146587,24.683004116467092,25.832734988191202
429,125.80683,44.03335,2012.0,D,26.1,27.715201825857008,26.807246153846137,25.938129157571495,26.87012307692306,23.303948071916494,22.77166671996029,25.190788095846024,25.290105627924405,27.999237060546875,27.85545539855957,24.172093049137835,25.067809051467435,28.999162055924867,29.648647551345405,28.76181150247858,27.555857983004348
803,119.20875,35.750372,2018.0,D,25.51,23.449440187531657,26.993284615384624,21.62541954626417,23.98184230769231,21.80627671130961,22.978089941139164,30.31965384183174,31.230446305019353,23.966567993164062,25.670698165893555,21.068369573853158,20.932990924899727,25.242466268568265,28.26420133219892,23.937097238596397,23.16916669274235
615,113.538972,22.291732,2015.0,D,30.0,47.44668610528948,58.35365384615391,41.68873101691679,55.08167307692317,44.36425315943069,47.443069822020696,50.52319512910133,50.88134402724088,40.618228912353516,48.297664642333984,37.38685864078302,14.372768945718073,49.16784994920738,68.56960730937568,42.294105612281626,41.528123071764654
430,125.82278,44.134729,2012.0,D,34.9,27.924946614450167,28.033999999999995,27.948559244779535,28.033203846153835,26.706668482005508,26.86877279993117,26.46763161076871,27.13239818985084,27.99729347229004,26.973058700561523,25.503896633414815,25.991697477329055,28.02921002694967,28.331932069476345,28.481313126960558,28.13965727906585
675,118.99718,31.028024,2016.0,D,33.5,34.33247055611163,35.13286346153845,34.358913055238546,39.74557500000003,28.803262126419583,26.91452960771768,33.813443930783805,33.71857412605793,32.363182067871094,35.75989532470703,31.43041785163169,33.93864758634693,32.59512403897185,38.32014016352148,31.453821238227537,32.736416649629234
423,123.454455,42.022981,2012.0,D,28.7,30.829484366242298,32.09271384615386,30.557665712228122,32.162973846153854,33.00167611885359,33.857933956829065,29.141724568859,28.343626034770004,27.628549575805664,29.808467864990234,33.41802866488284,32.08179028740299,29.134780536159454,33.85956494971289,28.272461884816433,28.82532731406168
707,112.386281,25.386611,2017.0,D,42.2,46.9249101163107,53.781038461538394,44.60664979423477,49.812730769230726,49.249368776666344,74.46550124556336,35.31307348210125,34.781498859832794,46.15336990356445,55.419734954833984,52.341702309057325,76.33042132207495,43.379032836915016,41.36640505746288,42.127709199812365,44.31249653875234
296,105.47563,32.035518,2010.0,D,24.71,30.136093594952364,31.72617923076921,28.36376276550299,31.13703461538457,27.4840418993288,27.23038684099427,30.95971558385659,30.7119550931926,28.118505477905273,27.135290145874023,29.695655011742044,31.189451069330648,26.39964205784908,28.738203282914665,29.76134039980632,28.739888605597997
723,117.780727,41.943272,2017.0,D,9.93,23.117636789838883,25.670150769230812,19.876427819408615,23.413656153846166,21.37879731217909,19.580612885470586,23.691936003757377,23.082629002602424,22.23345947265625,26.839174270629883,20.47000934477419,22.68891995254986,25.42762394722628,27.061730552184308,20.309457130038346,20.80929523237925
507,130.34748,46.813191,2013.0,D,20.5,25.0841293929899,26.448703846153844,26.92639562009097,29.42214846153846,23.843495275711703,20.436766093415887,24.63772946628394,26.030548468107284,24.197795867919922,25.694791793823242,21.937647684923046,20.137031810190514,24.83736130965683,26.31627829285025,33.32750454213474,28.110501427892473
898,110.287599,20.779293,2020.0,D,16.029,132.2432242743106,306.2335384615386,72.70354014402454,259.4185769230767,103.18462700846379,257.22286320658844,199.26829599817714,229.6433990543982,133.97979736328125,223.58499145507812,116.62201973903493,251.80150082549096,84.92024771193095,200.10597310601412,195.72829835813786,133.61586223560772
532,115.496973,38.770503,2014.0,D,59.9,31.185619561166725,32.32408076923077,29.635979234603862,35.099692307692315,29.060358580952347,29.931750009945027,30.007456177229198,30.09507598906962,30.780616760253906,33.114505767822266,35.86699745029448,28.71049815142091,31.311000133016606,37.61166876645628,31.75639011369287,30.715536418631444
625,120.235956,33.366198,2015.0,D,9.8,26.698123788198952,28.09709230769234,28.929829618087137,30.20574038461543,23.218373676447488,38.08285569008349,29.96758541548964,29.426560029856827,23.06707763671875,24.744409561157227,28.150964218969428,28.965128231646993,25.056972360547068,29.61233766639301,23.22212323397818,25.090595003316068
660,113.553865,34.153524,2016.0,D,89.87,36.009639335836134,58.9468461538461,31.172237284843842,43.83447692307686,34.165660950060044,51.696085747452116,31.791903656595938,31.075955601256254,32.87637710571289,49.3762092590332,24.619916857670255,60.037999447995254,31.541118265050763,38.82494425085709,33.05064848476379,32.36014114852163
365,114.61148,37.615117,2011.0,D,25.3,24.781859323292178,27.328519230769253,26.862913402863704,28.3510076923077,27.36244568619247,27.16103645957769,25.696156474438443,25.78047938984789,27.393898010253906,26.8969669342041,29.346796406326327,29.930812937698068,26.322198405601856,28.93435622822583,28.047988770327,27.429781710814183
631,120.823313,31.66839,2015.0,D,31.0,34.08656285959377,36.57790384615386,33.34023779059559,36.35954230769231,28.81115449212993,41.001447287340014,32.86508030059595,32.59823378781722,27.165613174438477,37.854042053222656,30.318382422857017,22.33711959876265,32.80675871144576,35.65854245281915,27.43626785187087,29.331987985414855
694,103.866158,30.684544,2017.0,D,35.88,30.392478175534826,33.15276538461541,33.30984325109699,40.27351153846154,36.079657617053336,39.437446220659695,32.68985291199787,32.6687445377935,36.1142692565918,38.413108825683594,28.90042299963583,43.12451925230651,32.828783527568596,34.884844942864326,35.274699543110664,34.89526955969058
260,113.915393,35.318559,2009.0,D,35.7,27.690310375655102,29.410742307692335,28.765351079334085,30.21867692307694,27.644498381394847,23.192494356236857,27.74055226024786,27.21209623754095,27.987899780273438,29.663564682006836,27.450383156983936,24.26796132856894,28.54432472872632,28.749483071355264,29.542686409274047,28.75947174386137
914,121.326041,30.161697,2020.0,D,21.3,41.179946919922784,43.49763076923081,45.35177286760098,58.14591538461534,50.61803896586501,55.23523379895165,38.538905162637064,39.404755642760215,40.56145095825195,41.654361724853516,41.91714898393486,38.41199442730773,43.433811181905085,47.41226844677494,37.86582908678424,41.289086456532715
958,105.97,31.5148,2023.0,D,25.313,32.799502095016514,36.376760000000026,32.088630637026746,34.80050000000002,33.6178251481652,43.78108590732072,36.61273281122682,37.055851147402926,33.55361557006836,34.17713928222656,32.50747477107105,32.29742047531546,30.144351047966456,34.54568919414119,31.950201079708748,32.53475641901308
158,113.922386,30.961405,2007.0,D,24.33,21.624756195769812,22.986515384615394,20.713124292824943,22.75732307692307,18.444337189025486,13.13046987673397,27.67412321035697,26.734279493016263,24.341087341308594,25.94223403930664,20.560241220437423,17.656141989335914,24.101524321184993,27.396157424493886,24.599467828084343,23.205123944673176
799,118.765182,32.045433,2018.0,D,41.9,34.745903210577545,34.60423269230772,34.50055000493394,35.87296153846156,38.79233386330466,38.704498101995405,32.211301773116176,31.489027375223344,36.602272033691406,35.81061553955078,35.81369698717043,31.370795595507772,34.31910702826544,34.76292989715851,35.23337151200367,35.44608974883047
60,120.806317,30.814975,2004.0,D,36.9,30.285292648279075,30.653261538461557,30.215553681404682,31.90141923076928,28.49267651644731,44.94066033940296,31.50313031961379,31.16511530051061,29.321741104125977,33.17431640625,29.892749261953377,40.68110259563476,31.558505929805783,30.99171142711235,28.185962333518287,29.249942650890084
712,113.133683,23.036273,2017.0,D,12.5,55.58659972198466,73.1299807692308,42.917060783980155,58.553346153846164,113.78221504907211,146.66883642559873,44.101692124273434,43.15871429334721,56.105472564697266,103.26823425292969,68.30442405547275,98.65992937219504,71.10537003084431,63.83572543776221,45.34371565058279,48.1379937303391
902,112.745174,23.345654,2020.0,D,15.1,54.3587410919448,88.48966538461538,57.883418732680624,99.39511538461538,56.91382073414159,127.21958867644011,42.403540562330576,42.12950511756822,45.39693069458008,61.11206817626953,45.63098770647879,158.2159484359501,57.96008920669702,76.83635123027648,47.46493911946119,50.27662476086881
757,109.228057,27.685082,2018.0,D,147.4,40.802749106991946,42.307784615384605,42.7419891807965,56.19180769230766,46.66838710134499,47.78529697651592,41.76502873094683,40.8917175885038,46.46619415283203,46.56336212158203,44.47049816598299,37.60189899208415,43.417994600088306,49.57085927857559,46.92672347652282,45.36415401824913
136,120.82356,31.685195,2006.0,D,31.5,32.152586961981996,33.90418076923076,30.843834707627327,33.54634230769231,33.7886242969733,38.019929767723525,31.49283587222039,30.171152527757375,33.08882141113281,36.06972885131836,30.208270203682012,34.219156362920735,32.216103212253856,33.45079098824763,33.14396317199142,32.351529455324595
575,111.992874,31.944533,2015.0,D,43.5,27.25095566559902,30.143650000000026,22.921827206785405,26.336080769230815,24.536458632708406,24.18948331450166,29.444716191066235,29.49914452953162,23.6339168548584,26.865503311157227,23.367647838130324,23.615570335833215,25.79070899317037,30.09913861431437,24.657703269382296,23.730126060766967
578,112.075404,28.948423,2015.0,D,12.58,26.2538573909626,30.679836538461554,25.675885243829047,27.251355769230774,22.853813519559573,16.53264842912114,32.71852746810974,33.15252547099958,26.990863800048828,42.60258483886719,22.854869001578386,21.58565119323745,29.78562935766628,34.72223389419335,26.965240558239675,26.54000361046297
477,121.468251,30.16919,2013.0,D,35.7,37.662977208543076,39.11654999999999,41.96427063246115,62.24901923076917,31.3419115169723,31.05224731969349,36.99915196248457,38.757727001628766,35.004180908203125,36.7664909362793,39.05558096963236,59.13202588767266,37.14361436213336,46.89584330936164,32.88446098261107,36.65078562271139
857,113.882742,34.715052,2019.0,D,30.3,28.405161942711,28.026761538461564,24.927349940738896,27.39643692307695,24.769119885729353,30.124861979351305,28.705817848463795,29.084038865587654,24.374576568603516,27.118627548217773,24.831719724932455,28.356053409900774,25.581811263622832,26.078511665587964,25.41985026653835,24.903426786886754
633,123.558321,41.308081,2015.0,D,27.17,26.847490257316572,30.341969230769255,25.192445211201957,29.59615961538461,20.73161213830014,22.634992885574757,29.37191505231672,30.129459934702822,26.59746742248535,28.52239227294922,20.994255880785595,25.69428585620174,29.393040482780087,34.03494317652891,27.937777309543172,26.564344851662092
332,120.720587,31.374659,2010.0,D,22.15,30.914430003719,32.82342692307694,33.1278343226922,34.5784076923077,27.133311358567376,23.680068542628714,30.90062576839102,30.558591178917077,29.057771682739258,32.009239196777344,30.549102175583016,31.945687735567468,30.193125029434555,32.78109180821026,40.35341707371449,34.13228542564735
110,114.50717,26.977499,2006.0,D,17.9,44.66154451731208,39.15283461538464,41.74438730878504,52.12753846153848,40.52779412058614,63.59083545761468,30.86140134364013,30.86840894022076,43.20353698730469,54.30294418334961,53.24946705992414,59.80551212418279,48.078990274558095,46.407396404316415,39.903684073305556,41.63019842953869
518,109.43388,34.587635,2014.0,D,25.17,57.14501362028937,83.5741923076924,56.9966290421538,90.6047730769232,57.55577976026877,79.18900794684279,36.072370584546505,33.34658861320106,43.539520263671875,60.994808197021484,58.3104098416419,60.9940451850528,45.61692262121501,62.844973236420806,39.73766587251576,46.82044949792167
453,112.592113,26.805258,2013.0,D,91.3,40.15554454059535,40.3125576923077,40.908983982662406,41.2023846153846,46.519236465656356,44.81869971471808,36.26963327539122,35.15370771398971,40.59443283081055,46.05036544799805,44.02629546671745,59.284643624543676,37.505711575037836,44.4220709388373,38.23677301689572,39.926943272227916
908,117.269221,28.328754,2020.0,D,101.0,41.376264400990394,45.52230769230769,39.66992000889203,44.684807692307686,39.58005989076743,39.21473956627018,41.48612169119801,42.36865490935091,43.920143127441406,47.5103874206543,45.94974745879677,40.0312659608686,43.30962245821635,49.30989253093116,44.01002523320919,42.519537067298586
213,110.26931,41.243835,2008.0,D,34.0,27.889790252668604,30.556888461538477,26.004473970304982,28.619992307692325,23.25330480412364,27.992809280701263,25.368783348204072,25.19114179405497,21.929534912109375,18.73206901550293,23.15378261691028,42.391320193952815,23.629340555912066,25.586254882517693,22.514619933635444,23.49255610880871
921,107.467917,26.254195,2021.0,D,34.4,73.4244439637772,98.17150000000014,50.77968397250814,104.59419615384627,84.39821045397848,99.34625215573416,42.16677495449915,45.372469366182884,63.29750442504883,80.86370086669922,72.00771865324907,133.7537823106689,55.73033010702235,80.31178090012722,57.288430316926544,57.11457269889847
634,124.385433,43.433632,2015.0,D,21.12,23.552593998169407,24.03003461538463,24.62688527725477,27.12452076923077,26.2055085135464,23.88661821464392,24.67631339824863,24.87639984070893,23.538602828979492,26.36672019958496,23.2090223790915,27.223648746982242,23.54028810678676,27.86043115727596,22.359463200433957,23.518015715047998
813,130.531969,46.238669,2018.0,D,28.9,21.97936450567321,25.134798461538487,23.678590500444827,25.547365384615407,23.605355529884832,24.962268647280276,26.004710264423167,25.959278102606902,23.221555709838867,26.43003273010254,26.66168420922441,20.969230896311288,24.559570634317886,25.49230795070221,22.839288843808745,23.249949848332303
394,125.18512,44.432119,2011.0,D,20.563,22.710370336414336,24.538337692307703,25.057918113862915,26.316357692307704,23.754645823889412,35.46382628403576,25.079489621008612,24.787764274442978,24.132356643676758,26.232421875,24.40121774255015,29.791826333594525,23.8806052530704,26.91757908826237,24.12682809186896,24.44197026464628
606,113.167419,30.375245,2015.0,D,13.68,22.52473481754691,26.52207307692311,20.703574951183125,21.801957692307738,22.83514443035974,24.033893110367455,31.156961172392514,32.07205809182857,24.826156616210938,37.099430084228516,24.52957995214621,35.54111699452735,26.081156144507545,34.68320970953184,31.360207460631337,25.582227719203473
351,114.020389,34.729286,2011.0,D,14.82,24.146585850659836,26.306065384615415,26.560905910162905,29.223615384615396,22.16142517715408,22.67533325360453,26.63758006979199,26.495745879904927,22.90375518798828,24.833520889282227,22.088808100122577,21.72579557443815,24.719291752889106,24.50754922238731,22.90224111518446,24.13379331827468
685,121.326041,30.161697,2016.0,D,52.6,41.05687476862228,40.08695384615383,38.999835070108645,42.922690384615386,34.52999318522523,48.96586860341504,37.363575491385646,37.65713183165851,43.09783172607422,43.07212829589844,42.08746853828339,29.43333284020251,42.20682551719434,43.443747453148305,38.13670821881368,40.09168322407626
137,120.900764,31.648924,2006.0,D,29.51,29.94113834173726,29.88715192307692,28.80600838230878,29.47316923076923,26.98640464493148,30.007334371431696,30.957938005920912,31.450539607765457,30.97772216796875,34.998958587646484,29.38300972202542,27.04113818645288,31.391930093903397,31.360945071004124,31.23500985620474,30.331389792825803
331,120.67172,31.260573,2010.0,D,40.97,32.806900175676766,33.13714807692308,36.34788308175864,36.62924615384619,35.32893134325874,30.070835074714246,32.157753493258355,32.187543503671094,30.330087661743164,32.43552780151367,33.507813689111785,28.888642917940626,32.532800350907074,36.534565406480056,30.158488424118733,32.29863142961178
741,123.544684,41.710546,2017.0,D,39.82,29.194958305294044,29.84617307692306,24.032025514775015,28.768042307692287,27.206934884348303,25.355997847621722,30.248671704455223,29.228247411895598,31.696069717407227,32.89204406738281,27.889644757411485,28.361595730618205,30.96791227262504,35.19969252197445,31.92922721642463,29.193798165462947
523,110.26861,34.560315,2014.0,D,26.7,62.55890404549896,69.17642307692306,52.61262570410293,75.11130769230773,84.4404523189631,69.40187467141926,37.65201943119415,36.90759815949214,57.446197509765625,58.86001968383789,74.2434453154725,58.308360662471685,50.37489322318588,59.20488857446451,53.332768766856006,54.47059675742584
883,120.225643,33.130938,2019.0,D,27.05,29.634506253196992,28.636480769230772,29.202245733294298,32.682199999999995,27.48891190427554,27.290304884995486,30.828356178880554,30.580519411349105,25.898662567138672,30.13028907775879,25.289298075502593,29.59414746637197,26.6816389262783,31.1738958772768,25.408471859138928,26.849445431869775
298,105.62146,31.676259,2010.0,D,23.11,24.61086482709195,27.171026923076894,26.415248079057836,26.279965384615352,24.25889934470046,21.692475823207115,30.67779075409927,29.592621909080947,25.00618553161621,27.516006469726562,24.882034316712616,24.07331678435377,25.18781675797472,26.398146453760923,24.375608902617824,25.27346468509946
538,117.18972,33.784886,2014.0,D,17.38,23.142109453251923,25.196611538461543,24.34546027887225,25.62212307692306,25.738732852664924,34.82962082301483,30.900150553031303,30.58516654903189,25.826316833496094,29.97257423400879,22.850625225645054,18.93263466325747,25.136405437855466,30.989804585950417,25.78277952051195,25.31376714105061
787,118.07072,34.857484,2018.0,D,19.99,24.156321034562456,28.022750000000034,22.87643006036832,24.069011538461556,22.98063325833403,25.82389673000956,28.743768826915932,29.050182646024044,23.517141342163086,27.52788734436035,23.896109678725868,23.669174715731476,24.412689476186387,26.046413745943703,27.217784839697007,24.515393986559502
299,105.90537,31.679389,2010.0,D,26.01,32.42728022404749,30.65133076923074,29.596185854624014,34.124434615384615,35.41977975492503,50.55264783231173,30.209576458345758,30.84132962764993,32.47603225708008,33.18486785888672,31.118021681513067,37.49799037163519,28.88596434178247,33.9108815449644,32.45676631188245,31.50072054718091
380,118.298058,36.895193,2011.0,D,22.0,22.772225622543015,24.400176923076966,24.480816997583652,26.826675384615406,23.723435664893838,22.139970535948603,27.787466560761434,27.45331047997742,26.133098602294922,36.12296676635742,22.288600329637852,37.93174920413389,24.81385843892397,28.473111662090858,24.106570696512673,24.912435114372137
613,113.496591,35.083701,2015.0,D,31.95,22.96100057668332,25.708138461538486,25.846754633137806,26.286392307692342,25.266764477035075,33.61094155244451,28.853253917642434,28.701930478284815,24.762924194335938,32.162628173828125,23.526545730713476,30.513043686001414,24.731981519367416,28.591444029262192,23.511471296690786,24.71711987493389
78,118.072629,31.42193,2005.0,D,80.0,46.589141886116664,80.42184615384619,42.44949760859584,60.0167307692307,45.883964980195714,67.24579082358203,33.973211460784434,33.11627109123422,44.02727508544922,58.61812210083008,39.975131373472166,42.74754125064302,40.4606423328435,64.2372665496537,47.2750484287916,44.561685320993675
254,107.491605,26.322808,2009.0,D,35.4,48.69420790582438,62.750230769230775,43.345726928538014,55.848103846153826,66.123606523534,80.83650898702659,36.808488910199515,37.19730328137186,45.7139892578125,49.88462448120117,64.83842707673821,69.19718480222863,44.977734525058146,52.77762262950026,49.69151964611941,46.221787238771526
259,113.886835,35.307931,2009.0,D,32.3,30.55687805093797,31.52099230769234,29.62356963220651,31.423007692307714,29.862747274291202,41.39236726103932,29.46282006371907,30.46589206044846,31.462841033935547,31.98358917236328,32.614057616722256,32.54607714924109,29.188250844291645,31.224200783366268,30.750066375520976,30.610180005211248
542,118.92191,31.756289,2014.0,D,44.7,31.849698476436867,32.954176923076915,31.81752979695057,34.2031980769231,32.62158112562936,32.3002204572271,31.563982441539462,32.32345458387325,29.777856826782227,33.91178512573242,30.74695687352024,32.08995875808486,32.06366773395524,37.321848991708286,31.85414226507583,31.145188084920967
184,118.037109,45.629405,2007.0,D,15.82,18.954538600430777,23.71015384615384,19.849671315085423,22.476769230769243,19.61383422341838,20.79192759440327,20.7121163377468,20.867263946204808,18.598094940185547,16.93934440612793,17.60317078460906,31.435885129749717,20.626445968257563,24.144430916940166,18.870570445397608,19.10859111298998
667,115.921727,39.038059,2016.0,D,66.2,34.98946817942668,45.32594230769225,31.680887327990238,43.304496153846124,32.9570736971189,24.02270738659147,31.889206900594257,31.909057062839,42.07701110839844,46.49222183227539,25.871360848335176,42.68855579320599,34.2040045806093,47.02877623313279,34.016846695038964,35.93520341451463
165,114.102631,34.696461,2007.0,D,23.6,31.075612148137274,33.370880769230766,31.372163263645376,32.96774230769231,28.68933110301987,26.765883417166577,25.847074492301342,25.87351416674219,26.85921859741211,26.932161331176758,28.642070728910184,40.653229043958504,28.173431026779767,26.03296994228369,28.495509039556744,28.914419330470015
544,120.227081,32.987628,2014.0,D,8.1,37.11016153456131,41.162336923076886,34.18300212220596,47.3235057692307,36.449462346942724,47.446463814958385,33.48384534218353,33.602934438961654,29.31850242614746,29.825761795043945,29.789111644592538,40.04166426117904,30.654097093758097,36.63523844861029,27.325368395240698,30.30151736525842
428,125.745705,44.310534,2012.0,D,47.0,33.173149836079766,36.49676538461538,29.61678438139572,33.00056000000001,29.788064121596378,31.21223599317349,26.980654173930798,28.643238986868145,29.541479110717773,27.85820198059082,31.881247224972892,30.933899517637112,28.586740975851548,30.391182988100358,29.280713066663775,29.481284392729542
65,103.530453,30.13871,2005.0,D,56.5,30.268255253019905,34.213661538461565,31.896568182028513,33.40221923076922,27.91399515068027,32.18360087537222,30.64544269877085,30.22784544180945,29.018310546875,22.5870361328125,27.14089681039735,23.191968208484273,25.470991211104383,24.707281091090575,30.868749623067455,30.59372435311517
141,121.117957,31.386424,2006.0,D,26.0,31.935567229930165,32.49900192307693,31.135604673307085,32.81185576923077,27.045920533688214,29.58107689065957,31.382035793670504,31.369523322610807,29.667346954345703,29.974456787109375,29.590737759505398,31.32404177360627,30.81702369862543,27.961101105257075,29.609266186874446,30.14232608082437
739,121.516436,29.756263,2017.0,D,38.02,30.677373664391027,35.62738269230772,37.88445099832031,48.122557692307666,27.839905469271407,52.54624659724712,34.759329042676704,35.07623442231101,33.45418167114258,38.41215896606445,41.631580589854764,36.3124069686153,32.72092209179158,33.65289305403484,27.40314245345518,32.96007030000702
371,116.531451,39.667269,2011.0,D,26.51,29.527641817247957,38.707648076923064,26.672541562848586,29.812723076923067,34.83743339628262,32.91545768955001,27.04495469857377,25.627388090080718,31.48771095275879,35.15113830566406,28.42356945046357,39.11127091049189,28.857574873988714,41.88497954807733,30.259433942904987,29.46465062629189
425,125.62703,44.26983,2012.0,D,23.1,26.544890885320818,26.512457692307663,25.576480633322902,27.10061153846151,21.534830408977363,20.27001933781593,26.565117130019168,25.888888633231602,27.56574821472168,28.323638916015625,21.90070369156713,25.281208268724367,27.002745323655812,30.62980516493704,28.539365699413764,27.21576499859067
895,108.85451,29.192395,2020.0,D,26.1,34.17878625450354,38.81150576923074,37.209096851330195,42.00197692307689,32.2055129510779,25.119372480469462,36.05020838016951,36.40986675910895,35.49964904785156,32.51137924194336,33.542022222089585,34.20183774364025,36.14901011025611,40.240227095909425,33.85175589257821,35.53431349208185
497,126.493503,45.970436,2013.0,D,23.5,22.21399490984294,22.557550769230783,21.590554979330793,22.889126923076947,21.85306024782723,18.830126031705834,24.7656781565346,24.4394432931507,22.75336456298828,22.5911808013916,22.163272481675747,20.062059677342212,22.552012441180555,26.392506484301308,23.320518446051846,22.54813996418591
539,117.253509,38.748407,2014.0,D,41.17,32.5600245493331,63.559611538461496,32.92993607543156,43.60572884615384,29.357283215149188,48.62761504323705,25.671100689485897,23.791842059645305,42.86215591430664,85.11073303222656,31.02970001019209,86.8409507147746,34.66025122826192,47.14429506147673,29.760890268158466,35.22292573035911
218,113.042846,28.48861,2008.0,D,45.4,35.36004969942276,37.21905000000004,34.86182109677394,35.30196923076925,30.747851056101442,37.19892972300439,31.76440181974668,32.49006082152387,31.1903076171875,33.74321746826172,34.21458275590249,34.66489635721262,30.362099808145594,32.348942960545855,30.162218450920122,32.088455141499004
286,120.585636,31.258178,2009.0,D,32.5,29.24911565609231,30.53444423076925,32.181907549636385,31.89177499999998,28.719381399706407,25.8189311526871,29.934544541114956,30.38620252504059,28.312347412109375,31.89174461364746,28.149223641094775,28.868149507864636,29.732767944805452,31.70281514593386,28.612431719424627,29.71278193469723
919,106.404395,38.985645,2021.0,D,22.8,39.69941021270907,117.0051538461539,43.51759454398834,102.7010692307693,38.29617534295932,70.03467784856868,40.5636656740433,44.76567330992199,35.589080810546875,56.27172088623047,25.52456155017145,77.68474065760543,36.871833806283114,69.52353693647476,35.537432968697296,38.23987572976818
49,118.78182,31.998116,2003.0,D,41.150000000000006,32.775275439703314,35.54778076923074,31.372852506266458,34.89038846153846,34.34233926018832,25.37867189440681,29.681461264830954,30.798014284383836,34.70826721191406,33.57959747314453,37.90808170606389,30.40948022214086,33.70852024230899,33.676891834842046,32.603219768425,32.89551891220592
706,112.352264,28.124439,2017.0,D,42.43,35.50755530369039,35.96224999999999,39.362244244583295,42.703038461538476,34.49002561579748,34.79322813818578,35.1677650948429,35.241869717248804,36.707183837890625,37.927547454833984,35.323946897973684,29.270969783657975,37.27730417030654,40.403966724501444,35.33768058589926,37.15133567690014
525,110.52421,40.569026,2014.0,D,26.4,23.766326824750763,30.620080769230754,24.601883749862303,29.931826923076937,25.945920094036275,34.185823487144376,31.152083978034245,31.475610481285646,28.667497634887695,39.09147262573242,27.14910855287998,24.95600974301216,28.326066851737444,30.63826249218792,30.086269778891406,27.76489227199236
929,116.625921,30.224822,2021.0,D,34.6,37.957221364062534,52.31958846153843,42.38838410766759,49.46084999999993,45.40519049552231,51.91451451493313,38.37947476789239,42.489298980446485,40.76808166503906,48.91012191772461,36.43268073432399,53.37167205558387,36.496505016813,43.04694779508673,36.56545905592977,39.93478320093623
334,120.807869,31.804059,2010.0,D,34.47,36.65506715387841,36.59863269230768,37.21970629075819,38.480067307692295,42.45157170534407,38.861822194117146,32.537659597839784,32.33008077457041,32.02195358276367,33.95196533203125,38.783001475422026,40.012723393495754,31.86873795717693,33.38458670312791,45.87344420310943,38.31423911665182
877,118.937729,31.801616,2019.0,D,24.74,33.215391039450616,33.29401923076924,33.993084932632776,35.79615192307693,33.17339389036915,47.99969462704264,33.584816680262755,34.432556324719634,32.35355758666992,36.61579513549805,32.341771405815706,33.214115896900616,34.54776014349925,34.985161033591424,34.16189479949274,33.498361639185944
519,109.96718,40.610611,2014.0,D,31.0,24.070092394288398,25.29714615384618,23.799901865033913,25.345888461538497,29.05018275403068,38.346540491053645,30.279675760422034,29.432492871871283,27.814279556274414,29.119436264038086,27.596557813689426,28.050721113735055,26.08783103232913,34.13245548877468,31.089706346820545,27.53790859832155
321,117.201767,39.090207,2010.0,D,28.12,27.871035046292775,33.17426153846155,26.995608925741507,30.23912307692307,25.499998768448368,30.08447906151121,25.615099068200823,25.219734196443557,26.001609802246094,28.758251190185547,24.772279024489258,21.41417311052743,27.507819786018942,29.48576208122401,27.29950271841742,26.761781591512616
966,112.49,37.55,2024.0,D,24.54,29.711647735043993,34.78683846153845,31.23778156397362,33.187446153846146,28.995497083207155,30.342764950478486,33.24496412638194,31.69404634550612,29.377790451049805,31.964099884033203,28.0921336496527,35.28743273087826,30.814504077931865,32.95313011852957,35.328664545329296,31.955553735901596
363,114.54848,32.172171,2011.0,D,26.0,24.035625930290607,31.21928076923078,25.916091806917265,27.37401923076925,32.761027251641586,45.59147614839231,28.018499178557214,28.654293109716637,27.85845947265625,42.76268005371094,34.09726500722276,68.82527120292772,26.35163338689908,29.120215870507874,26.28150195639753,26.68765168288628
558,104.815544,30.412421,2015.0,D,27.89,32.496484869571226,34.010057692307704,27.1120750025288,36.01196538461536,36.418243361224434,37.80159072996604,32.797352952942326,32.282630874809385,33.35498046875,40.50467300415039,43.50661672518943,23.11306068587535,31.362435852604953,36.49505060939244,31.13405212241297,30.525928528474086
