lon,lat,year,target,quantile,threshold_value,model,observed,is_exceedance,risk_probability,risk_prediction
101.07,37.78,2022,A,0.9,20.48,ExtraTrees,12.7,0,0.05218649247628857,0
104.161165,36.599898,2022,A,0.9,20.48,ExtraTrees,18.0,0,0.17291245456795976,0
104.5686,30.7875,2022,A,0.9,20.48,ExtraTrees,10.92,0,0.1082468871524875,0
111.0,35.03,2022,A,0.9,20.48,ExtraTrees,11.4,0,0.16385250506343982,0
111.536729,24.341515,2022,A,0.9,20.48,ExtraTrees,122.35,1,0.37659521668111134,0
111.72,36.57,2022,A,0.9,20.48,ExtraTrees,16.9,0,0.12622872711023775,0
112.4539,34.6197,2022,A,0.9,20.48,ExtraTrees,5.44,0,0.1074508588365798,0
112.55,37.87,2022,A,0.9,20.48,ExtraTrees,10.7,0,0.16377925431746257,0
112.85,35.49,2022,A,0.9,20.48,ExtraTrees,8.96,0,0.24124161724710272,0
113.3,40.09,2022,A,0.9,20.48,ExtraTrees,9.19,0,0.11717068948467911,0
117.308036,38.933969,2022,A,0.9,20.48,ExtraTrees,10.6,0,0.06842342226304805,0
118.3,29.5,2022,A,0.9,20.48,ExtraTrees,13.96,0,0.27016589445908307,0
118.45,31.2128,2022,A,0.9,20.48,ExtraTrees,9.7,0,0.15787950592686653,0
120.0,36.1,2022,A,0.9,20.48,ExtraTrees,15.53,0,0.0666938290416518,0
120.15,36.25,2022,A,0.9,20.48,ExtraTrees,15.53,0,0.11457214029680594,0
121.5667,37.15,2022,A,0.9,20.48,ExtraTrees,12.7,0,0.07224957081539891,0
80.5515,44.20251,2023,A,0.9,20.48,ExtraTrees,21.926,1,0.15256243870414396,0
103.748501,30.95307,2023,A,0.9,20.48,ExtraTrees,17.08,0,0.07738826665980927,0
105.360106,27.336948,2023,A,0.9,20.48,ExtraTrees,13.2,0,0.3617992645855078,0
105.424,33.563,2023,A,0.9,20.48,ExtraTrees,26.92,1,0.20625827966424276,0
105.97,31.5148,2023,A,0.9,20.48,ExtraTrees,19.5,0,0.24147202819965805,0
111.621655,27.881375,2023,A,0.9,20.48,ExtraTrees,16.52,0,0.5301490665009752,1
113.0381,33.3216,2023,A,0.9,20.48,ExtraTrees,17.34,0,0.09555122545904668,0
117.48,35.55,2023,A,0.9,20.48,ExtraTrees,10.07,0,0.06523309495522517,0
120.8198,30.758,2023,A,0.9,20.48,ExtraTrees,7.3,0,0.08238534636874244,0
125.23,44.03,2023,A,0.9,20.48,ExtraTrees,6.47,0,0.03295350786825855,0
110.828,24.832,2024,A,0.9,20.48,ExtraTrees,23.01,1,0.3483352562229578,0
111.0,35.03,2024,A,0.9,20.48,ExtraTrees,13.4,0,0.15151388910215044,0
112.49,37.55,2024,A,0.9,20.48,ExtraTrees,1.92,0,0.08196004595089555,0
118.0,31.75,2025,A,0.9,20.48,ExtraTrees,27.9,1,0.1173223957824602,0
123.959,47.341,2026,A,0.9,20.48,ExtraTrees,13.22,0,0.0441497778444283,0
126.65,45.75,2026,A,0.9,20.48,ExtraTrees,9.69,0,0.08634752684978714,0
126.9607,46.652,2026,A,0.9,20.48,ExtraTrees,10.92,0,0.025697789602019627,0
127.4947,50.2322,2026,A,0.9,20.48,ExtraTrees,11.2,0,0.02172982365773224,0
101.07,37.78,2022,A,0.95,25.789999999999985,RandomForest,12.7,0,0.09964733201079393,0
104.161165,36.599898,2022,A,0.95,25.789999999999985,RandomForest,18.0,0,0.13125064372769182,0
104.5686,30.7875,2022,A,0.95,25.789999999999985,RandomForest,10.92,0,0.04093602744436754,0
111.0,35.03,2022,A,0.95,25.789999999999985,RandomForest,11.4,0,0.06289928248417201,0
111.536729,24.341515,2022,A,0.95,25.789999999999985,RandomForest,122.35,1,0.29433571538286984,1
111.72,36.57,2022,A,0.95,25.789999999999985,RandomForest,16.9,0,0.06153124519634868,0
112.4539,34.6197,2022,A,0.95,25.789999999999985,RandomForest,5.44,0,0.0481591285438531,0
112.55,37.87,2022,A,0.95,25.789999999999985,RandomForest,10.7,0,0.07644049205483255,0
112.85,35.49,2022,A,0.95,25.789999999999985,RandomForest,8.96,0,0.09729937399428255,0
113.3,40.09,2022,A,0.95,25.789999999999985,RandomForest,9.19,0,0.07745613672393475,0
117.308036,38.933969,2022,A,0.95,25.789999999999985,RandomForest,10.6,0,0.016828015577327625,0
118.3,29.5,2022,A,0.95,25.789999999999985,RandomForest,13.96,0,0.1383581592227573,0
118.45,31.2128,2022,A,0.95,25.789999999999985,RandomForest,9.7,0,0.10503969346269044,0
120.0,36.1,2022,A,0.95,25.789999999999985,RandomForest,15.53,0,0.012682260952520645,0
120.15,36.25,2022,A,0.95,25.789999999999985,RandomForest,15.53,0,0.0326454106807701,0
121.5667,37.15,2022,A,0.95,25.789999999999985,RandomForest,12.7,0,0.015781323747223932,0
80.5515,44.20251,2023,A,0.95,25.789999999999985,RandomForest,21.926,0,0.06963805113405118,0
103.748501,30.95307,2023,A,0.95,25.789999999999985,RandomForest,17.08,0,0.02417203266987092,0
105.360106,27.336948,2023,A,0.95,25.789999999999985,RandomForest,13.2,0,0.5306864241742669,1
105.424,33.563,2023,A,0.95,25.789999999999985,RandomForest,26.92,1,0.09835521662171448,0
105.97,31.5148,2023,A,0.95,25.789999999999985,RandomForest,19.5,0,0.05767013288010907,0
111.621655,27.881375,2023,A,0.95,25.789999999999985,RandomForest,16.52,0,0.4327111665380916,1
113.0381,33.3216,2023,A,0.95,25.789999999999985,RandomForest,17.34,0,0.04356239418975195,0
117.48,35.55,2023,A,0.95,25.789999999999985,RandomForest,10.07,0,0.023795929794623905,0
120.8198,30.758,2023,A,0.95,25.789999999999985,RandomForest,7.3,0,0.02810188627957654,0
125.23,44.03,2023,A,0.95,25.789999999999985,RandomForest,6.47,0,0.009815210058408751,0
110.828,24.832,2024,A,0.95,25.789999999999985,RandomForest,23.01,0,0.17933365115992927,0
111.0,35.03,2024,A,0.95,25.789999999999985,RandomForest,13.4,0,0.09992127680186208,0
112.49,37.55,2024,A,0.95,25.789999999999985,RandomForest,1.92,0,0.024091377302733648,0
118.0,31.75,2025,A,0.95,25.789999999999985,RandomForest,27.9,1,0.05167486580978301,0
123.959,47.341,2026,A,0.95,25.789999999999985,RandomForest,13.22,0,0.028541021650956365,0
126.65,45.75,2026,A,0.95,25.789999999999985,RandomForest,9.69,0,0.05165006496240968,0
126.9607,46.652,2026,A,0.95,25.789999999999985,RandomForest,10.92,0,0.010635019598235616,0
127.4947,50.2322,2026,A,0.95,25.789999999999985,RandomForest,11.2,0,0.02385423046452385,0
101.07,37.78,2022,B,0.9,1.5880000000000007,ExtraTrees,0.121,0,0.049037356399216504,0
104.161165,36.599898,2022,B,0.9,1.5880000000000007,ExtraTrees,12.0,1,0.7504083629046013,1
104.5686,30.7875,2022,B,0.9,1.5880000000000007,ExtraTrees,0.234,0,0.20550647610617315,0
111.0,35.03,2022,B,0.9,1.5880000000000007,ExtraTrees,0.18,0,0.10891088057380867,0
111.536729,24.341515,2022,B,0.9,1.5880000000000007,ExtraTrees,2.37,1,0.1810478308273606,0
111.72,36.57,2022,B,0.9,1.5880000000000007,ExtraTrees,0.148,0,0.11741336213139841,0
112.4539,34.6197,2022,B,0.9,1.5880000000000007,ExtraTrees,0.03,0,0.09834465163570066,0
112.55,37.87,2022,B,0.9,1.5880000000000007,ExtraTrees,0.15,0,0.2845600273114255,1
112.85,35.49,2022,B,0.9,1.5880000000000007,ExtraTrees,0.11,0,0.1899176566695985,0
113.3,40.09,2022,B,0.9,1.5880000000000007,ExtraTrees,0.15,0,0.14754709753345138,0
117.308036,38.933969,2022,B,0.9,1.5880000000000007,ExtraTrees,0.23,0,0.08468617169258316,0
118.3,29.5,2022,B,0.9,1.5880000000000007,ExtraTrees,1.07,0,0.3562736366212102,1
118.45,31.2128,2022,B,0.9,1.5880000000000007,ExtraTrees,0.133,0,0.17599200172766083,0
120.0,36.1,2022,B,0.9,1.5880000000000007,ExtraTrees,0.14,0,0.20239104699482885,0
120.15,36.25,2022,B,0.9,1.5880000000000007,ExtraTrees,0.14,0,0.08780525345436226,0
121.5667,37.15,2022,B,0.9,1.5880000000000007,ExtraTrees,0.21,0,0.08946701174691164,0
80.5515,44.20251,2023,B,0.9,1.5880000000000007,ExtraTrees,0.239,0,0.09499244214886868,0
103.748501,30.95307,2023,B,0.9,1.5880000000000007,ExtraTrees,0.09,0,0.17050394202359215,0
105.360106,27.336948,2023,B,0.9,1.5880000000000007,ExtraTrees,0.9,0,0.21039015161538488,0
105.424,33.563,2023,B,0.9,1.5880000000000007,ExtraTrees,1.13,0,0.25242908545090453,1
105.97,31.5148,2023,B,0.9,1.5880000000000007,ExtraTrees,0.241,0,0.18476907852217697,0
111.621655,27.881375,2023,B,0.9,1.5880000000000007,ExtraTrees,0.45,0,0.5695588809411628,1
113.0381,33.3216,2023,B,0.9,1.5880000000000007,ExtraTrees,2.6,1,0.14632003658333723,0
117.48,35.55,2023,B,0.9,1.5880000000000007,ExtraTrees,0.14,0,0.08210609476516212,0
120.8198,30.758,2023,B,0.9,1.5880000000000007,ExtraTrees,0.08,0,0.1250855677485781,0
125.23,44.03,2023,B,0.9,1.5880000000000007,ExtraTrees,0.103,0,0.08112714132862858,0
110.828,24.832,2024,B,0.9,1.5880000000000007,ExtraTrees,1.28,0,0.41136978722271655,1
111.0,35.03,2024,B,0.9,1.5880000000000007,ExtraTrees,0.29,0,0.13833149788621696,0
112.49,37.55,2024,B,0.9,1.5880000000000007,ExtraTrees,0.158,0,0.0700609417726722,0
118.0,31.75,2025,B,0.9,1.5880000000000007,ExtraTrees,1.93,1,0.20788619971540412,0
123.959,47.341,2026,B,0.9,1.5880000000000007,ExtraTrees,0.07,0,0.03432991574842621,0
126.65,45.75,2026,B,0.9,1.5880000000000007,ExtraTrees,0.08,0,0.1176497339014714,0
126.9607,46.652,2026,B,0.9,1.5880000000000007,ExtraTrees,0.1,0,0.0418052455324559,0
127.4947,50.2322,2026,B,0.9,1.5880000000000007,ExtraTrees,0.05,0,0.08563247898551145,0
101.07,37.78,2022,B,0.95,4.073999999999996,ExtraTrees,0.121,0,0.03685170559477352,0
104.161165,36.599898,2022,B,0.95,4.073999999999996,ExtraTrees,12.0,1,0.3600159211119977,1
104.5686,30.7875,2022,B,0.95,4.073999999999996,ExtraTrees,0.234,0,0.04281006519074264,0
111.0,35.03,2022,B,0.95,4.073999999999996,ExtraTrees,0.18,0,0.09237909612888377,0
111.536729,24.341515,2022,B,0.95,4.073999999999996,ExtraTrees,2.37,0,0.09979476306307519,0
111.72,36.57,2022,B,0.95,4.073999999999996,ExtraTrees,0.148,0,0.09582194267919222,0
112.4539,34.6197,2022,B,0.95,4.073999999999996,ExtraTrees,0.03,0,0.050088048362166016,0
112.55,37.87,2022,B,0.95,4.073999999999996,ExtraTrees,0.15,0,0.2233795259259595,0
112.85,35.49,2022,B,0.95,4.073999999999996,ExtraTrees,0.11,0,0.11892998354646181,0
113.3,40.09,2022,B,0.95,4.073999999999996,ExtraTrees,0.15,0,0.13452892402366648,0
117.308036,38.933969,2022,B,0.95,4.073999999999996,ExtraTrees,0.23,0,0.03275306521182404,0
118.3,29.5,2022,B,0.95,4.073999999999996,ExtraTrees,1.07,0,0.33453916494754166,1
118.45,31.2128,2022,B,0.95,4.073999999999996,ExtraTrees,0.133,0,0.09618383354531627,0
120.0,36.1,2022,B,0.95,4.073999999999996,ExtraTrees,0.14,0,0.15309229667675012,0
120.15,36.25,2022,B,0.95,4.073999999999996,ExtraTrees,0.14,0,0.034512700078766376,0
121.5667,37.15,2022,B,0.95,4.073999999999996,ExtraTrees,0.21,0,0.04085821307600805,0
80.5515,44.20251,2023,B,0.95,4.073999999999996,ExtraTrees,0.239,0,0.04232094396964696,0
103.748501,30.95307,2023,B,0.95,4.073999999999996,ExtraTrees,0.09,0,0.03923734741024239,0
105.360106,27.336948,2023,B,0.95,4.073999999999996,ExtraTrees,0.9,0,0.1503046153319342,0
105.424,33.563,2023,B,0.95,4.073999999999996,ExtraTrees,1.13,0,0.16761768075232739,0
105.97,31.5148,2023,B,0.95,4.073999999999996,ExtraTrees,0.241,0,0.11809589832793181,0
111.621655,27.881375,2023,B,0.95,4.073999999999996,ExtraTrees,0.45,0,0.5169935456150236,1
113.0381,33.3216,2023,B,0.95,4.073999999999996,ExtraTrees,2.6,0,0.05961375516434714,0
117.48,35.55,2023,B,0.95,4.073999999999996,ExtraTrees,0.14,0,0.025189896592332735,0
120.8198,30.758,2023,B,0.95,4.073999999999996,ExtraTrees,0.08,0,0.04889567489331823,0
125.23,44.03,2023,B,0.95,4.073999999999996,ExtraTrees,0.103,0,0.04568822268788107,0
110.828,24.832,2024,B,0.95,4.073999999999996,ExtraTrees,1.28,0,0.2618882725053988,1
111.0,35.03,2024,B,0.95,4.073999999999996,ExtraTrees,0.29,0,0.08852769672554929,0
112.49,37.55,2024,B,0.95,4.073999999999996,ExtraTrees,0.158,0,0.017031043282230162,0
118.0,31.75,2025,B,0.95,4.073999999999996,ExtraTrees,1.93,0,0.1201508145709302,0
123.959,47.341,2026,B,0.95,4.073999999999996,ExtraTrees,0.07,0,0.025092063030241515,0
126.65,45.75,2026,B,0.95,4.073999999999996,ExtraTrees,0.08,0,0.08922898798800341,0
126.9607,46.652,2026,B,0.95,4.073999999999996,ExtraTrees,0.1,0,0.018746550032999843,0
127.4947,50.2322,2026,B,0.95,4.073999999999996,ExtraTrees,0.05,0,0.045514082324117376,0
101.07,37.78,2022,C,0.9,82.196,HistGB,34.9,0,0.00045134950164496356,0
104.161165,36.599898,2022,C,0.9,82.196,HistGB,132.0,1,0.004447537616478326,0
104.5686,30.7875,2022,C,0.9,82.196,HistGB,26.6,0,0.05389180548098939,1
111.0,35.03,2022,C,0.9,82.196,HistGB,18.1,0,0.017400114370868823,0
111.536729,24.341515,2022,C,0.9,82.196,HistGB,69.4,0,0.0010982507004687271,0
111.72,36.57,2022,C,0.9,82.196,HistGB,17.01,0,0.010395518610827815,0
112.4539,34.6197,2022,C,0.9,82.196,HistGB,29.77,0,0.0036474916426453567,0
112.55,37.87,2022,C,0.9,82.196,HistGB,23.6,0,0.012198861194288344,0
112.85,35.49,2022,C,0.9,82.196,HistGB,22.5,0,0.010607623980810141,0
113.3,40.09,2022,C,0.9,82.196,HistGB,24.92,0,0.0012793544878313076,0
117.308036,38.933969,2022,C,0.9,82.196,HistGB,26.9,0,0.6236220748721542,1
118.3,29.5,2022,C,0.9,82.196,HistGB,48.0,0,0.0058630225501142465,0
118.45,31.2128,2022,C,0.9,82.196,HistGB,42.65,0,0.019545841945403788,0
120.0,36.1,2022,C,0.9,82.196,HistGB,32.23,0,0.006800804698059715,0
120.15,36.25,2022,C,0.9,82.196,HistGB,32.38,0,0.010507975382572548,0
121.5667,37.15,2022,C,0.9,82.196,HistGB,41.05,0,0.02776029184759702,0
80.5515,44.20251,2023,C,0.9,82.196,HistGB,15.956,0,0.0008125691131673291,0
103.748501,30.95307,2023,C,0.9,82.196,HistGB,27.73,0,0.028141922289271596,0
105.360106,27.336948,2023,C,0.9,82.196,HistGB,43.7,0,0.00043358276921947215,0
105.424,33.563,2023,C,0.9,82.196,HistGB,184.61,1,0.03369050511096396,0
105.97,31.5148,2023,C,0.9,82.196,HistGB,24.736,0,0.000292448397109033,0
111.621655,27.881375,2023,C,0.9,82.196,HistGB,24.5,0,0.015107229489899857,0
113.0381,33.3216,2023,C,0.9,82.196,HistGB,67.26,0,0.007065941098619877,0
117.48,35.55,2023,C,0.9,82.196,HistGB,26.42,0,0.00187647262251369,0
120.8198,30.758,2023,C,0.9,82.196,HistGB,33.2,0,0.01296761325044652,0
125.23,44.03,2023,C,0.9,82.196,HistGB,29.24,0,0.013929239622498505,0
110.828,24.832,2024,C,0.9,82.196,HistGB,62.61,0,0.00021516909624829663,0
111.0,35.03,2024,C,0.9,82.196,HistGB,26.11,0,0.008844499742663011,0
112.49,37.55,2024,C,0.9,82.196,HistGB,16.63,0,0.0013610753400653205,0
118.0,31.75,2025,C,0.9,82.196,HistGB,96.7,1,0.0010551627565898464,0
123.959,47.341,2026,C,0.9,82.196,HistGB,39.4,0,0.0009339574414137011,0
126.65,45.75,2026,C,0.9,82.196,HistGB,29.5,0,0.0009140043763382849,0
126.9607,46.652,2026,C,0.9,82.196,HistGB,43.0,0,0.00015648759196709163,0
127.4947,50.2322,2026,C,0.9,82.196,HistGB,42.7,0,0.00012094078374497263,0
101.07,37.78,2022,C,0.95,95.97799999999998,RandomForest,34.9,0,0.044543799131640624,0
104.161165,36.599898,2022,C,0.95,95.97799999999998,RandomForest,132.0,1,0.09672070928610765,0
104.5686,30.7875,2022,C,0.95,95.97799999999998,RandomForest,26.6,0,0.13903055799423347,1
111.0,35.03,2022,C,0.95,95.97799999999998,RandomForest,18.1,0,0.08532437711937182,0
111.536729,24.341515,2022,C,0.95,95.97799999999998,RandomForest,69.4,0,0.08857297939066128,0
111.72,36.57,2022,C,0.95,95.97799999999998,RandomForest,17.01,0,0.13205661951318576,1
112.4539,34.6197,2022,C,0.95,95.97799999999998,RandomForest,29.77,0,0.04106480162610936,0
112.55,37.87,2022,C,0.95,95.97799999999998,RandomForest,23.6,0,0.2441300926550083,1
112.85,35.49,2022,C,0.95,95.97799999999998,RandomForest,22.5,0,0.1848823311011916,1
113.3,40.09,2022,C,0.95,95.97799999999998,RandomForest,24.92,0,0.11067376880685595,0
117.308036,38.933969,2022,C,0.95,95.97799999999998,RandomForest,26.9,0,0.05758369563425174,0
118.3,29.5,2022,C,0.95,95.97799999999998,RandomForest,48.0,0,0.10074538664123373,0
118.45,31.2128,2022,C,0.95,95.97799999999998,RandomForest,42.65,0,0.02252815605350587,0
120.0,36.1,2022,C,0.95,95.97799999999998,RandomForest,32.23,0,0.025977521111829067,0
120.15,36.25,2022,C,0.95,95.97799999999998,RandomForest,32.38,0,0.05714729217568534,0
121.5667,37.15,2022,C,0.95,95.97799999999998,RandomForest,41.05,0,0.10476090528450596,0
80.5515,44.20251,2023,C,0.95,95.97799999999998,RandomForest,15.956,0,0.044949213640672954,0
103.748501,30.95307,2023,C,0.95,95.97799999999998,RandomForest,27.73,0,0.21434317201236455,1
105.360106,27.336948,2023,C,0.95,95.97799999999998,RandomForest,43.7,0,0.2678005749765529,1
105.424,33.563,2023,C,0.95,95.97799999999998,RandomForest,184.61,1,0.175640386497564,1
105.97,31.5148,2023,C,0.95,95.97799999999998,RandomForest,24.736,0,0.20749669459450934,1
111.621655,27.881375,2023,C,0.95,95.97799999999998,RandomForest,24.5,0,0.18669178557323102,1
113.0381,33.3216,2023,C,0.95,95.97799999999998,RandomForest,67.26,0,0.05323835971612295,0
117.48,35.55,2023,C,0.95,95.97799999999998,RandomForest,26.42,0,0.06032900007441187,0
120.8198,30.758,2023,C,0.95,95.97799999999998,RandomForest,33.2,0,0.08535733129557677,0
125.23,44.03,2023,C,0.95,95.97799999999998,RandomForest,29.24,0,0.06188909722003604,0
110.828,24.832,2024,C,0.95,95.97799999999998,RandomForest,62.61,0,0.049962778967251945,0
111.0,35.03,2024,C,0.95,95.97799999999998,RandomForest,26.11,0,0.08827616426584445,0
112.49,37.55,2024,C,0.95,95.97799999999998,RandomForest,16.63,0,0.05911344765862352,0
118.0,31.75,2025,C,0.95,95.97799999999998,RandomForest,96.7,1,0.04176103929925347,0
123.959,47.341,2026,C,0.95,95.97799999999998,RandomForest,39.4,0,0.04195060740037847,0
126.65,45.75,2026,C,0.95,95.97799999999998,RandomForest,29.5,0,0.06770060642630114,0
126.9607,46.652,2026,C,0.95,95.97799999999998,RandomForest,43.0,0,0.029699435487040692,0
127.4947,50.2322,2026,C,0.95,95.97799999999998,RandomForest,42.7,0,0.08863290074649359,0
101.07,37.78,2022,D,0.9,51.70000000000001,ExtraTrees,130.0,1,0.9162797164449572,1
104.161165,36.599898,2022,D,0.9,51.70000000000001,ExtraTrees,311.0,1,0.721962563614256,1
104.5686,30.7875,2022,D,0.9,51.70000000000001,ExtraTrees,22.85,0,0.17515660332567404,0
111.0,35.03,2022,D,0.9,51.70000000000001,ExtraTrees,23.4,0,0.08091809327753435,0
111.536729,24.341515,2022,D,0.9,51.70000000000001,ExtraTrees,53.29,1,0.20135121363273126,1
111.72,36.57,2022,D,0.9,51.70000000000001,ExtraTrees,50.13,0,0.09413106633717483,0
112.4539,34.6197,2022,D,0.9,51.70000000000001,ExtraTrees,30.9,0,0.047969308694358816,0
112.55,37.87,2022,D,0.9,51.70000000000001,ExtraTrees,30.7,0,0.08006336804253361,0
112.85,35.49,2022,D,0.9,51.70000000000001,ExtraTrees,24.3,0,0.14340929478547382,0
113.3,40.09,2022,D,0.9,51.70000000000001,ExtraTrees,29.33,0,0.08465308486131534,0
117.308036,38.933969,2022,D,0.9,51.70000000000001,ExtraTrees,36.1,0,0.12688091813547214,0
118.3,29.5,2022,D,0.9,51.70000000000001,ExtraTrees,33.0,0,0.2835482798988756,1
118.45,31.2128,2022,D,0.9,51.70000000000001,ExtraTrees,42.97,0,0.10828193903397197,0
120.0,36.1,2022,D,0.9,51.70000000000001,ExtraTrees,31.89,0,0.2307704312440381,1
120.15,36.25,2022,D,0.9,51.70000000000001,ExtraTrees,31.89,0,0.1304998428806086,0
121.5667,37.15,2022,D,0.9,51.70000000000001,ExtraTrees,45.0,0,0.22342668498534474,1
80.5515,44.20251,2023,D,0.9,51.70000000000001,ExtraTrees,28.811,0,0.10812020495740879,0
103.748501,30.95307,2023,D,0.9,51.70000000000001,ExtraTrees,28.1,0,0.4464388877831373,1
105.360106,27.336948,2023,D,0.9,51.70000000000001,ExtraTrees,72.2,1,0.6997562832705715,1
105.424,33.563,2023,D,0.9,51.70000000000001,ExtraTrees,31.18,0,0.22125777496718352,1
105.97,31.5148,2023,D,0.9,51.70000000000001,ExtraTrees,25.313,0,0.1363846706066619,0
111.621655,27.881375,2023,D,0.9,51.70000000000001,ExtraTrees,41.1,0,0.436219723209078,1
113.0381,33.3216,2023,D,0.9,51.70000000000001,ExtraTrees,18.28,0,0.125554461014742,0
117.48,35.55,2023,D,0.9,51.70000000000001,ExtraTrees,35.21,0,0.05646123349990575,0
120.8198,30.758,2023,D,0.9,51.70000000000001,ExtraTrees,28.8,0,0.12117046185794472,0
125.23,44.03,2023,D,0.9,51.70000000000001,ExtraTrees,19.82,0,0.07500451768864898,0
110.828,24.832,2024,D,0.9,51.70000000000001,ExtraTrees,51.03,0,0.3452207740111343,1
111.0,35.03,2024,D,0.9,51.70000000000001,ExtraTrees,27.15,0,0.09265847089743387,0
112.49,37.55,2024,D,0.9,51.70000000000001,ExtraTrees,24.54,0,0.051027803155711655,0
118.0,31.75,2025,D,0.9,51.70000000000001,ExtraTrees,30.0,0,0.22161919246890666,1
123.959,47.341,2026,D,0.9,51.70000000000001,ExtraTrees,28.4,0,0.039428309920688256,0
126.65,45.75,2026,D,0.9,51.70000000000001,ExtraTrees,28.9,0,0.055869188006145085,0
126.9607,46.652,2026,D,0.9,51.70000000000001,ExtraTrees,27.2,0,0.035439967865783684,0
127.4947,50.2322,2026,D,0.9,51.70000000000001,ExtraTrees,28.8,0,0.06739859574149878,0
101.07,37.78,2022,D,0.95,78.87999999999992,HistGB,130.0,1,0.9904141097757805,1
104.161165,36.599898,2022,D,0.95,78.87999999999992,HistGB,311.0,1,0.5746928178707786,1
104.5686,30.7875,2022,D,0.95,78.87999999999992,HistGB,22.85,0,0.0006435749604868427,0
111.0,35.03,2022,D,0.95,78.87999999999992,HistGB,23.4,0,3.2979247027029024e-05,0
111.536729,24.341515,2022,D,0.95,78.87999999999992,HistGB,53.29,0,0.016995347271273914,1
111.72,36.57,2022,D,0.95,78.87999999999992,HistGB,50.13,0,0.00016467588706723003,0
112.4539,34.6197,2022,D,0.95,78.87999999999992,HistGB,30.9,0,5.4776836945469064e-05,0
112.55,37.87,2022,D,0.95,78.87999999999992,HistGB,30.7,0,0.00015924997102457754,0
112.85,35.49,2022,D,0.95,78.87999999999992,HistGB,24.3,0,0.0006695172172946737,0
113.3,40.09,2022,D,0.95,78.87999999999992,HistGB,29.33,0,7.246236309538384e-05,0
117.308036,38.933969,2022,D,0.95,78.87999999999992,HistGB,36.1,0,5.359425452510996e-05,0
118.3,29.5,2022,D,0.95,78.87999999999992,HistGB,33.0,0,0.00045907148634725253,0
118.45,31.2128,2022,D,0.95,78.87999999999992,HistGB,42.97,0,0.0013501791351485043,0
120.0,36.1,2022,D,0.95,78.87999999999992,HistGB,31.89,0,4.134584306296076e-05,0
120.15,36.25,2022,D,0.95,78.87999999999992,HistGB,31.89,0,0.00028793192054182127,0
121.5667,37.15,2022,D,0.95,78.87999999999992,HistGB,45.0,0,0.0010539478426820966,0
80.5515,44.20251,2023,D,0.95,78.87999999999992,HistGB,28.811,0,0.002265844860235902,0
103.748501,30.95307,2023,D,0.95,78.87999999999992,HistGB,28.1,0,0.0541332781153893,1
105.360106,27.336948,2023,D,0.95,78.87999999999992,HistGB,72.2,0,0.2722027257138296,1
105.424,33.563,2023,D,0.95,78.87999999999992,HistGB,31.18,0,0.0037722803278020544,0
105.97,31.5148,2023,D,0.95,78.87999999999992,HistGB,25.313,0,9.671250683752798e-05,0
111.621655,27.881375,2023,D,0.95,78.87999999999992,HistGB,41.1,0,0.04220598913043493,1
113.0381,33.3216,2023,D,0.95,78.87999999999992,HistGB,18.28,0,0.00019116981925273476,0
117.48,35.55,2023,D,0.95,78.87999999999992,HistGB,35.21,0,0.00017962960805275945,0
120.8198,30.758,2023,D,0.95,78.87999999999992,HistGB,28.8,0,6.954619652098881e-05,0
125.23,44.03,2023,D,0.95,78.87999999999992,HistGB,19.82,0,0.00024090848033999433,0
110.828,24.832,2024,D,0.95,78.87999999999992,HistGB,51.03,0,0.012957043806701445,1
111.0,35.03,2024,D,0.95,78.87999999999992,HistGB,27.15,0,4.1888031594502984e-05,0
112.49,37.55,2024,D,0.95,78.87999999999992,HistGB,24.54,0,6.745887041250568e-05,0
118.0,31.75,2025,D,0.95,78.87999999999992,HistGB,30.0,0,0.0012523650311351666,0
123.959,47.341,2026,D,0.95,78.87999999999992,HistGB,28.4,0,4.687989558488374e-05,0
126.65,45.75,2026,D,0.95,78.87999999999992,HistGB,28.9,0,8.523886411759441e-05,0
126.9607,46.652,2026,D,0.95,78.87999999999992,HistGB,27.2,0,4.4860748128375636e-05,0
127.4947,50.2322,2026,D,0.95,78.87999999999992,HistGB,28.8,0,4.060627210155073e-05,0
101.07,37.78,2022,E,0.9,38.406,RandomForest,143.66,1,0.6904884658713688,1
104.161165,36.599898,2022,E,0.9,38.406,RandomForest,76.0,1,0.21802882341123292,1
104.5686,30.7875,2022,E,0.9,38.406,RandomForest,33.15,0,0.2170567693717534,1
111.0,35.03,2022,E,0.9,38.406,RandomForest,27.2,0,0.1397709296984662,0
111.536729,24.341515,2022,E,0.9,38.406,RandomForest,38.14,0,0.25087054702108996,1
111.72,36.57,2022,E,0.9,38.406,RandomForest,30.2,0,0.24237729878085007,1
112.4539,34.6197,2022,E,0.9,38.406,RandomForest,50.75,1,0.07942148337328525,0
112.55,37.87,2022,E,0.9,38.406,RandomForest,31.7,0,0.20505007838766906,1
112.85,35.49,2022,E,0.9,38.406,RandomForest,31.1,0,0.19996956900174165,1
113.3,40.09,2022,E,0.9,38.406,RandomForest,28.35,0,0.12832127444545485,0
117.308036,38.933969,2022,E,0.9,38.406,RandomForest,32.9,0,0.06727233829680151,0
118.3,29.5,2022,E,0.9,38.406,RandomForest,27.9,0,0.15879917853918357,1
118.45,31.2128,2022,E,0.9,38.406,RandomForest,31.6,0,0.09858224033490953,0
120.0,36.1,2022,E,0.9,38.406,RandomForest,24.0,0,0.06838485877100153,0
120.15,36.25,2022,E,0.9,38.406,RandomForest,40.0,1,0.16170536646065803,1
121.5667,37.15,2022,E,0.9,38.406,RandomForest,19.27,0,0.0981901290796332,0
80.5515,44.20251,2023,E,0.9,38.406,RandomForest,30.251,0,0.1889591496784396,1
103.748501,30.95307,2023,E,0.9,38.406,RandomForest,37.39,0,0.3790100884129658,1
105.360106,27.336948,2023,E,0.9,38.406,RandomForest,31.1,0,0.3020820133116039,1
105.424,33.563,2023,E,0.9,38.406,RandomForest,39.46,1,0.2674404038905749,1
105.97,31.5148,2023,E,0.9,38.406,RandomForest,33.404,0,0.1975132525355131,1
111.621655,27.881375,2023,E,0.9,38.406,RandomForest,38.9,1,0.22131991237336104,1
113.0381,33.3216,2023,E,0.9,38.406,RandomForest,9.31,0,0.19263026988303042,1
117.48,35.55,2023,E,0.9,38.406,RandomForest,30.9,0,0.0956889874218866,0
120.8198,30.758,2023,E,0.9,38.406,RandomForest,36.5,0,0.15933031101500575,1
125.23,44.03,2023,E,0.9,38.406,RandomForest,24.38,0,0.08586643025969744,0
110.828,24.832,2024,E,0.9,38.406,RandomForest,106.31,1,0.3330634086684665,1
111.0,35.03,2024,E,0.9,38.406,RandomForest,32.33,0,0.27909055233058266,1
112.49,37.55,2024,E,0.9,38.406,RandomForest,31.47,0,0.15331555429172286,1
118.0,31.75,2025,E,0.9,38.406,RandomForest,27.0,0,0.10172922768310748,0
123.959,47.341,2026,E,0.9,38.406,RandomForest,29.8,0,0.10208901365961387,0
126.65,45.75,2026,E,0.9,38.406,RandomForest,27.4,0,0.1373426190318582,0
126.9607,46.652,2026,E,0.9,38.406,RandomForest,34.5,0,0.06350919460442296,0
127.4947,50.2322,2026,E,0.9,38.406,RandomForest,33.9,0,0.137997936388211,0
101.07,37.78,2022,E,0.95,43.32999999999999,ExtraTrees,143.66,1,0.9299667829308805,1
104.161165,36.599898,2022,E,0.95,43.32999999999999,ExtraTrees,76.0,1,0.22710036241312656,1
104.5686,30.7875,2022,E,0.95,43.32999999999999,ExtraTrees,33.15,0,0.11657509491972536,1
111.0,35.03,2022,E,0.95,43.32999999999999,ExtraTrees,27.2,0,0.10392503303968079,1
111.536729,24.341515,2022,E,0.95,43.32999999999999,ExtraTrees,38.14,0,0.09680692841470416,0
111.72,36.57,2022,E,0.95,43.32999999999999,ExtraTrees,30.2,0,0.10791119075553861,1
112.4539,34.6197,2022,E,0.95,43.32999999999999,ExtraTrees,50.75,1,0.05985803906696212,0
112.55,37.87,2022,E,0.95,43.32999999999999,ExtraTrees,31.7,0,0.1697182500093386,1
112.85,35.49,2022,E,0.95,43.32999999999999,ExtraTrees,31.1,0,0.17505180669456877,1
113.3,40.09,2022,E,0.95,43.32999999999999,ExtraTrees,28.35,0,0.12824775058254384,1
117.308036,38.933969,2022,E,0.95,43.32999999999999,ExtraTrees,32.9,0,0.028357363400677123,0
118.3,29.5,2022,E,0.95,43.32999999999999,ExtraTrees,27.9,0,0.09863172987402402,1
118.45,31.2128,2022,E,0.95,43.32999999999999,ExtraTrees,31.6,0,0.029503876945609395,0
120.0,36.1,2022,E,0.95,43.32999999999999,ExtraTrees,24.0,0,0.06803576396760065,0
120.15,36.25,2022,E,0.95,43.32999999999999,ExtraTrees,40.0,0,0.12715931417848697,1
121.5667,37.15,2022,E,0.95,43.32999999999999,ExtraTrees,19.27,0,0.09466749430915651,0
80.5515,44.20251,2023,E,0.95,43.32999999999999,ExtraTrees,30.251,0,0.1425053514397805,1
103.748501,30.95307,2023,E,0.95,43.32999999999999,ExtraTrees,37.39,0,0.2931396691050422,1
105.360106,27.336948,2023,E,0.95,43.32999999999999,ExtraTrees,31.1,0,0.14589977823097017,1
105.424,33.563,2023,E,0.95,43.32999999999999,ExtraTrees,39.46,0,0.10795572243832872,1
105.97,31.5148,2023,E,0.95,43.32999999999999,ExtraTrees,33.404,0,0.08187683330611925,0
111.621655,27.881375,2023,E,0.95,43.32999999999999,ExtraTrees,38.9,0,0.053765259862068336,0
113.0381,33.3216,2023,E,0.95,43.32999999999999,ExtraTrees,9.31,0,0.07973149728114001,0
117.48,35.55,2023,E,0.95,43.32999999999999,ExtraTrees,30.9,0,0.09414021120337633,0
120.8198,30.758,2023,E,0.95,43.32999999999999,ExtraTrees,36.5,0,0.06964195668744035,0
125.23,44.03,2023,E,0.95,43.32999999999999,ExtraTrees,24.38,0,0.05496608242808243,0
110.828,24.832,2024,E,0.95,43.32999999999999,ExtraTrees,106.31,1,0.2050034605631657,1
111.0,35.03,2024,E,0.95,43.32999999999999,ExtraTrees,32.33,0,0.13431365716230503,1
112.49,37.55,2024,E,0.95,43.32999999999999,ExtraTrees,31.47,0,0.08978183592291195,0
118.0,31.75,2025,E,0.95,43.32999999999999,ExtraTrees,27.0,0,0.0785183824591502,0
123.959,47.341,2026,E,0.95,43.32999999999999,ExtraTrees,29.8,0,0.13018212471961546,1
126.65,45.75,2026,E,0.95,43.32999999999999,ExtraTrees,27.4,0,0.18343235066732552,1
126.9607,46.652,2026,E,0.95,43.32999999999999,ExtraTrees,34.5,0,0.07131070830751923,0
127.4947,50.2322,2026,E,0.95,43.32999999999999,ExtraTrees,33.9,0,0.10369981444233477,1
101.07,37.78,2022,F,0.9,125.22000000000003,HistGB,76.4,0,0.9923530673074894,1
104.161165,36.599898,2022,F,0.9,125.22000000000003,HistGB,305.0,1,0.01752891097302429,0
104.5686,30.7875,2022,F,0.9,125.22000000000003,HistGB,65.86,0,0.0019672970718396135,0
111.0,35.03,2022,F,0.9,125.22000000000003,HistGB,82.9,0,0.002129953784168109,0
111.536729,24.341515,2022,F,0.9,125.22000000000003,HistGB,147.11,1,0.9831647854869308,1
111.72,36.57,2022,F,0.9,125.22000000000003,HistGB,59.15,0,0.0008892155931453029,0
112.4539,34.6197,2022,F,0.9,125.22000000000003,HistGB,50.57,0,0.12183396375899708,1
112.55,37.87,2022,F,0.9,125.22000000000003,HistGB,87.6,0,0.0011924133069494026,0
112.85,35.49,2022,F,0.9,125.22000000000003,HistGB,110.9,0,0.02528313189883334,0
113.3,40.09,2022,F,0.9,125.22000000000003,HistGB,61.22,0,0.0005198571955887045,0
117.308036,38.933969,2022,F,0.9,125.22000000000003,HistGB,111.0,0,0.0008991991440244805,0
118.3,29.5,2022,F,0.9,125.22000000000003,HistGB,126.0,1,0.7706139593367103,1
118.45,31.2128,2022,F,0.9,125.22000000000003,HistGB,66.01,0,0.004843407603207688,0
120.0,36.1,2022,F,0.9,125.22000000000003,HistGB,78.23,0,0.00035881302706560424,0
120.15,36.25,2022,F,0.9,125.22000000000003,HistGB,78.23,0,0.0006274452295456596,0
121.5667,37.15,2022,F,0.9,125.22000000000003,HistGB,84.62,0,0.0005680350605719521,0
80.5515,44.20251,2023,F,0.9,125.22000000000003,HistGB,93.282,0,0.0014903047292583746,0
103.748501,30.95307,2023,F,0.9,125.22000000000003,HistGB,71.84,0,0.0029046904533363647,0
105.360106,27.336948,2023,F,0.9,125.22000000000003,HistGB,83.8,0,0.11172260623230221,1
105.424,33.563,2023,F,0.9,125.22000000000003,HistGB,340.23,1,0.0048168384460150785,0
105.97,31.5148,2023,F,0.9,125.22000000000003,HistGB,78.887,0,0.0005174294356260654,0
111.621655,27.881375,2023,F,0.9,125.22000000000003,HistGB,171.2,1,0.8886298516319862,1
113.0381,33.3216,2023,F,0.9,125.22000000000003,HistGB,72.18,0,0.0007025415145989351,0
117.48,35.55,2023,F,0.9,125.22000000000003,HistGB,81.8,0,0.0009616087131762353,0
120.8198,30.758,2023,F,0.9,125.22000000000003,HistGB,70.5,0,0.007510145421054697,0
125.23,44.03,2023,F,0.9,125.22000000000003,HistGB,63.25,0,0.0010025905242242916,0
110.828,24.832,2024,F,0.9,125.22000000000003,HistGB,415.87,1,0.7383459462676969,1
111.0,35.03,2024,F,0.9,125.22000000000003,HistGB,72.94,0,0.0010462939737763217,0
112.49,37.55,2024,F,0.9,125.22000000000003,HistGB,76.92,0,0.0013254403186534018,0
118.0,31.75,2025,F,0.9,125.22000000000003,HistGB,95.0,0,0.03408771408197917,1
123.959,47.341,2026,F,0.9,125.22000000000003,HistGB,133.2,1,0.0005329107809195578,0
126.65,45.75,2026,F,0.9,125.22000000000003,HistGB,105.5,0,0.0031377912290795934,0
126.9607,46.652,2026,F,0.9,125.22000000000003,HistGB,131.1,1,0.00032243952696851553,0
127.4947,50.2322,2026,F,0.9,125.22000000000003,HistGB,116.0,0,0.0010394675479179674,0
101.07,37.78,2022,F,0.95,166.4099999999999,ExtraTrees,76.4,0,0.03699305297069504,0
104.161165,36.599898,2022,F,0.95,166.4099999999999,ExtraTrees,305.0,1,0.20299701626439456,1
104.5686,30.7875,2022,F,0.95,166.4099999999999,ExtraTrees,65.86,0,0.043962331206054805,0
111.0,35.03,2022,F,0.95,166.4099999999999,ExtraTrees,82.9,0,0.028118469567523043,0
111.536729,24.341515,2022,F,0.95,166.4099999999999,ExtraTrees,147.11,0,0.7760501432588451,1
111.72,36.57,2022,F,0.95,166.4099999999999,ExtraTrees,59.15,0,0.012684202240921672,0
112.4539,34.6197,2022,F,0.95,166.4099999999999,ExtraTrees,50.57,0,0.009014472469711411,0
112.55,37.87,2022,F,0.95,166.4099999999999,ExtraTrees,87.6,0,0.007778374238078743,0
112.85,35.49,2022,F,0.95,166.4099999999999,ExtraTrees,110.9,0,0.1281729601385124,0
113.3,40.09,2022,F,0.95,166.4099999999999,ExtraTrees,61.22,0,0.017314849281588832,0
117.308036,38.933969,2022,F,0.95,166.4099999999999,ExtraTrees,111.0,0,0.0292146787326163,0
118.3,29.5,2022,F,0.95,166.4099999999999,ExtraTrees,126.0,0,0.18592216532967812,0
118.45,31.2128,2022,F,0.95,166.4099999999999,ExtraTrees,66.01,0,0.16331076688999466,0
120.0,36.1,2022,F,0.95,166.4099999999999,ExtraTrees,78.23,0,0.1375049450143376,0
120.15,36.25,2022,F,0.95,166.4099999999999,ExtraTrees,78.23,0,0.02516182422281799,0
121.5667,37.15,2022,F,0.95,166.4099999999999,ExtraTrees,84.62,0,0.1360890917850156,0
80.5515,44.20251,2023,F,0.95,166.4099999999999,ExtraTrees,93.282,0,0.029922287442336735,0
103.748501,30.95307,2023,F,0.95,166.4099999999999,ExtraTrees,71.84,0,0.05703138481262811,0
105.360106,27.336948,2023,F,0.95,166.4099999999999,ExtraTrees,83.8,0,0.11818919743055571,0
105.424,33.563,2023,F,0.95,166.4099999999999,ExtraTrees,340.23,1,0.24026352830993838,1
105.97,31.5148,2023,F,0.95,166.4099999999999,ExtraTrees,78.887,0,0.11710579901154271,0
111.621655,27.881375,2023,F,0.95,166.4099999999999,ExtraTrees,171.2,1,0.5820390563476279,1
113.0381,33.3216,2023,F,0.95,166.4099999999999,ExtraTrees,72.18,0,0.021902517111266052,0
117.48,35.55,2023,F,0.95,166.4099999999999,ExtraTrees,81.8,0,0.009266769798119107,0
120.8198,30.758,2023,F,0.95,166.4099999999999,ExtraTrees,70.5,0,0.059454762177419934,0
125.23,44.03,2023,F,0.95,166.4099999999999,ExtraTrees,63.25,0,0.02375752777224686,0
110.828,24.832,2024,F,0.95,166.4099999999999,ExtraTrees,415.87,1,0.2945555785661928,1
111.0,35.03,2024,F,0.95,166.4099999999999,ExtraTrees,72.94,0,0.025245923332287222,0
112.49,37.55,2024,F,0.95,166.4099999999999,ExtraTrees,76.92,0,0.017016834883798803,0
118.0,31.75,2025,F,0.95,166.4099999999999,ExtraTrees,95.0,0,0.06492987776331824,0
123.959,47.341,2026,F,0.95,166.4099999999999,ExtraTrees,133.2,0,0.0,0
126.65,45.75,2026,F,0.95,166.4099999999999,ExtraTrees,105.5,0,0.0062058795685691484,0
126.9607,46.652,2026,F,0.95,166.4099999999999,ExtraTrees,131.1,0,0.00314498933901919,0
127.4947,50.2322,2026,F,0.95,166.4099999999999,ExtraTrees,116.0,0,0.010632684208603348,0
101.07,37.78,2022,G,0.9,160.114,ExtraTrees,59.3,0,0.06339337552246187,0
104.161165,36.599898,2022,G,0.9,160.114,ExtraTrees,70.0,0,0.3107351912971714,1
104.5686,30.7875,2022,G,0.9,160.114,ExtraTrees,62.96,0,0.16922652014023964,0
111.0,35.03,2022,G,0.9,160.114,ExtraTrees,65.6,0,0.09263558658076912,0
111.536729,24.341515,2022,G,0.9,160.114,ExtraTrees,194.05,1,0.1453286960899372,0
111.72,36.57,2022,G,0.9,160.114,ExtraTrees,62.28,0,0.09844377577485607,0
112.4539,34.6197,2022,G,0.9,160.114,ExtraTrees,63.87,0,0.0815565537116158,0
112.55,37.87,2022,G,0.9,160.114,ExtraTrees,71.6,0,0.14177082269828642,0
112.85,35.49,2022,G,0.9,160.114,ExtraTrees,56.4,0,0.18204134508389605,0
113.3,40.09,2022,G,0.9,160.114,ExtraTrees,86.76,0,0.11143939215534265,0
117.308036,38.933969,2022,G,0.9,160.114,ExtraTrees,66.8,0,0.10122494769071459,0
118.3,29.5,2022,G,0.9,160.114,ExtraTrees,73.0,0,0.4867962145821962,1
118.45,31.2128,2022,G,0.9,160.114,ExtraTrees,59.09,0,0.08759039423420133,0
120.0,36.1,2022,G,0.9,160.114,ExtraTrees,78.34,0,0.13978153503447216,0
120.15,36.25,2022,G,0.9,160.114,ExtraTrees,78.34,0,0.10456876581054182,0
121.5667,37.15,2022,G,0.9,160.114,ExtraTrees,14.92,0,0.12355397996527678,0
80.5515,44.20251,2023,G,0.9,160.114,ExtraTrees,74.9,0,0.1114238343167163,0
103.748501,30.95307,2023,G,0.9,160.114,ExtraTrees,74.0,0,0.3928916694414747,1
105.360106,27.336948,2023,G,0.9,160.114,ExtraTrees,64.4,0,0.6744530805033371,1
105.424,33.563,2023,G,0.9,160.114,ExtraTrees,71.15,0,0.17160131308466595,0
105.97,31.5148,2023,G,0.9,160.114,ExtraTrees,80.156,0,0.1422626569528151,0
111.621655,27.881375,2023,G,0.9,160.114,ExtraTrees,32.67,0,0.10650390818537425,0
113.0381,33.3216,2023,G,0.9,160.114,ExtraTrees,101.07,0,0.21532902210414406,0
117.48,35.55,2023,G,0.9,160.114,ExtraTrees,64.81,0,0.07704798436699588,0
120.8198,30.758,2023,G,0.9,160.114,ExtraTrees,60.7,0,0.08814932581255173,0
125.23,44.03,2023,G,0.9,160.114,ExtraTrees,55.81,0,0.06312495842812937,0
110.828,24.832,2024,G,0.9,160.114,ExtraTrees,111.81,0,0.2819674655407558,1
111.0,35.03,2024,G,0.9,160.114,ExtraTrees,61.4,0,0.1612043068838977,0
112.49,37.55,2024,G,0.9,160.114,ExtraTrees,98.5,0,0.06691766264998715,0
118.0,31.75,2025,G,0.9,160.114,ExtraTrees,43.5,0,0.14951412571273587,0
123.959,47.341,2026,G,0.9,160.114,ExtraTrees,65.1,0,0.05520645034478187,0
126.65,45.75,2026,G,0.9,160.114,ExtraTrees,66.5,0,0.10856019847668323,0
126.9607,46.652,2026,G,0.9,160.114,ExtraTrees,73.1,0,0.024329815313901347,0
127.4947,50.2322,2026,G,0.9,160.114,ExtraTrees,70.0,0,0.08038068993233283,0
101.07,37.78,2022,G,0.95,261.73999999999944,ExtraTrees,59.3,0,0.0418305962232569,0
104.161165,36.599898,2022,G,0.95,261.73999999999944,ExtraTrees,70.0,0,0.2407497930628547,0
104.5686,30.7875,2022,G,0.95,261.73999999999944,ExtraTrees,62.96,0,0.034313870746016585,0
111.0,35.03,2022,G,0.95,261.73999999999944,ExtraTrees,65.6,0,0.03801770840989889,0
111.536729,24.341515,2022,G,0.95,261.73999999999944,ExtraTrees,194.05,0,0.0887957904143937,0
111.72,36.57,2022,G,0.95,261.73999999999944,ExtraTrees,62.28,0,0.026670871167539256,0
112.4539,34.6197,2022,G,0.95,261.73999999999944,ExtraTrees,63.87,0,0.05947481182717929,0
112.55,37.87,2022,G,0.95,261.73999999999944,ExtraTrees,71.6,0,0.10879564311967836,0
112.85,35.49,2022,G,0.95,261.73999999999944,ExtraTrees,56.4,0,0.07748116844251281,0
113.3,40.09,2022,G,0.95,261.73999999999944,ExtraTrees,86.76,0,0.061334245771205304,0
117.308036,38.933969,2022,G,0.95,261.73999999999944,ExtraTrees,66.8,0,0.04100171418860396,0
118.3,29.5,2022,G,0.95,261.73999999999944,ExtraTrees,73.0,0,0.1997342927677808,0
118.45,31.2128,2022,G,0.95,261.73999999999944,ExtraTrees,59.09,0,0.029662424859330537,0
120.0,36.1,2022,G,0.95,261.73999999999944,ExtraTrees,78.34,0,0.11898354280137342,0
120.15,36.25,2022,G,0.95,261.73999999999944,ExtraTrees,78.34,0,0.04425190904974184,0
121.5667,37.15,2022,G,0.95,261.73999999999944,ExtraTrees,14.92,0,0.058917650699765386,0
80.5515,44.20251,2023,G,0.95,261.73999999999944,ExtraTrees,74.9,0,0.02050390938780881,0
103.748501,30.95307,2023,G,0.95,261.73999999999944,ExtraTrees,74.0,0,0.010969012299351953,0
105.360106,27.336948,2023,G,0.95,261.73999999999944,ExtraTrees,64.4,0,0.03771252021050926,0
105.424,33.563,2023,G,0.95,261.73999999999944,ExtraTrees,71.15,0,0.07728350095450087,0
105.97,31.5148,2023,G,0.95,261.73999999999944,ExtraTrees,80.156,0,0.05946588909924871,0
111.621655,27.881375,2023,G,0.95,261.73999999999944,ExtraTrees,32.67,0,0.041328076179659036,0
113.0381,33.3216,2023,G,0.95,261.73999999999944,ExtraTrees,101.07,0,0.09947712463948892,0
117.48,35.55,2023,G,0.95,261.73999999999944,ExtraTrees,64.81,0,0.037624238515776724,0
120.8198,30.758,2023,G,0.95,261.73999999999944,ExtraTrees,60.7,0,0.04121840839401307,0
125.23,44.03,2023,G,0.95,261.73999999999944,ExtraTrees,55.81,0,0.027075977473481304,0
110.828,24.832,2024,G,0.95,261.73999999999944,ExtraTrees,111.81,0,0.2361427316404389,0
111.0,35.03,2024,G,0.95,261.73999999999944,ExtraTrees,61.4,0,0.09384072418083671,0
112.49,37.55,2024,G,0.95,261.73999999999944,ExtraTrees,98.5,0,0.006128927011505472,0
118.0,31.75,2025,G,0.95,261.73999999999944,ExtraTrees,43.5,0,0.06337773365468258,0
123.959,47.341,2026,G,0.95,261.73999999999944,ExtraTrees,65.1,0,0.031307513354710506,0
126.65,45.75,2026,G,0.95,261.73999999999944,ExtraTrees,66.5,0,0.07877636941415393,0
126.9607,46.652,2026,G,0.95,261.73999999999944,ExtraTrees,73.1,0,0.00963920935231776,0
127.4947,50.2322,2026,G,0.95,261.73999999999944,ExtraTrees,70.0,0,0.03185413706127985,0
101.07,37.78,2022,H,0.9,0.2,LogisticL2,0.088,0,0.5278571524122299,0
104.161165,36.599898,2022,H,0.9,0.2,LogisticL2,0.51,1,0.17302780771145912,0
104.5686,30.7875,2022,H,0.9,0.2,LogisticL2,0.067,0,0.3802652400682294,0
111.0,35.03,2022,H,0.9,0.2,LogisticL2,0.06,0,0.1220124243766264,0
111.536729,24.341515,2022,H,0.9,0.2,LogisticL2,1.33,1,0.024354515464079938,0
111.72,36.57,2022,H,0.9,0.2,LogisticL2,0.105,0,0.08380341069972753,0
112.4539,34.6197,2022,H,0.9,0.2,LogisticL2,0.05,0,0.024613385365212372,0
112.55,37.87,2022,H,0.9,0.2,LogisticL2,0.01,0,0.010788064047624099,0
112.85,35.49,2022,H,0.9,0.2,LogisticL2,0.04,0,0.034758218181927474,0
113.3,40.09,2022,H,0.9,0.2,LogisticL2,0.03,0,0.04191491727417918,0
117.308036,38.933969,2022,H,0.9,0.2,LogisticL2,0.21,1,0.1116880595202179,0
118.3,29.5,2022,H,0.9,0.2,LogisticL2,0.18,0,0.250624554679052,0
118.45,31.2128,2022,H,0.9,0.2,LogisticL2,0.093,0,0.06986132231059701,0
120.0,36.1,2022,H,0.9,0.2,LogisticL2,0.035,0,0.9428813404080653,1
120.15,36.25,2022,H,0.9,0.2,LogisticL2,0.045,0,0.11111989387501699,0
121.5667,37.15,2022,H,0.9,0.2,LogisticL2,0.035,0,0.06870853678598167,0
80.5515,44.20251,2023,H,0.9,0.2,LogisticL2,0.013,0,0.004315814778771954,0
103.748501,30.95307,2023,H,0.9,0.2,LogisticL2,0.113,0,0.4355934518071294,0
105.360106,27.336948,2023,H,0.9,0.2,LogisticL2,0.101,0,0.3555183508203023,0
105.424,33.563,2023,H,0.9,0.2,LogisticL2,0.34,1,0.04934218301053585,0
105.97,31.5148,2023,H,0.9,0.2,LogisticL2,0.043,0,0.3577017600172457,0
111.621655,27.881375,2023,H,0.9,0.2,LogisticL2,0.32,1,0.39671710224889184,0
113.0381,33.3216,2023,H,0.9,0.2,LogisticL2,0.087,0,0.24809975564951428,0
117.48,35.55,2023,H,0.9,0.2,LogisticL2,0.05,0,0.15641974831526886,0
120.8198,30.758,2023,H,0.9,0.2,LogisticL2,0.31,1,0.891067626487194,1
125.23,44.03,2023,H,0.9,0.2,LogisticL2,0.123,0,0.9094789496503775,1
110.828,24.832,2024,H,0.9,0.2,LogisticL2,0.03,0,0.2131900529639496,0
111.0,35.03,2024,H,0.9,0.2,LogisticL2,0.05,0,0.11042834373655139,0
112.49,37.55,2024,H,0.9,0.2,LogisticL2,0.01,0,0.18687937885483286,0
118.0,31.75,2025,H,0.9,0.2,LogisticL2,0.13,0,0.13316997582382648,0
123.959,47.341,2026,H,0.9,0.2,LogisticL2,0.02,0,0.020024837011314023,0
126.65,45.75,2026,H,0.9,0.2,LogisticL2,0.02,0,0.043024248139860874,0
126.9607,46.652,2026,H,0.9,0.2,LogisticL2,0.02,0,0.7622666441778274,1
127.4947,50.2322,2026,H,0.9,0.2,LogisticL2,0.02,0,0.5235889820308296,0
101.07,37.78,2022,H,0.95,0.35299999999999954,ExtraTrees,0.088,0,0.03271398749242567,0
104.161165,36.599898,2022,H,0.95,0.35299999999999954,ExtraTrees,0.51,1,0.13966062200078347,0
104.5686,30.7875,2022,H,0.95,0.35299999999999954,ExtraTrees,0.067,0,0.18395181589721396,0
111.0,35.03,2022,H,0.95,0.35299999999999954,ExtraTrees,0.06,0,0.13785983237368166,0
111.536729,24.341515,2022,H,0.95,0.35299999999999954,ExtraTrees,1.33,1,0.010894069271916877,0
111.72,36.57,2022,H,0.95,0.35299999999999954,ExtraTrees,0.105,0,0.04664721259426866,0
112.4539,34.6197,2022,H,0.95,0.35299999999999954,ExtraTrees,0.05,0,0.03118179942634083,0
112.55,37.87,2022,H,0.95,0.35299999999999954,ExtraTrees,0.01,0,0.030729056271053712,0
112.85,35.49,2022,H,0.95,0.35299999999999954,ExtraTrees,0.04,0,0.03559701035137966,0
113.3,40.09,2022,H,0.95,0.35299999999999954,ExtraTrees,0.03,0,0.04395199805510331,0
117.308036,38.933969,2022,H,0.95,0.35299999999999954,ExtraTrees,0.21,0,0.04573759189258104,0
118.3,29.5,2022,H,0.95,0.35299999999999954,ExtraTrees,0.18,0,0.18274033969230344,0
118.45,31.2128,2022,H,0.95,0.35299999999999954,ExtraTrees,0.093,0,0.07800821799510978,0
120.0,36.1,2022,H,0.95,0.35299999999999954,ExtraTrees,0.035,0,0.40941055665365556,1
120.15,36.25,2022,H,0.95,0.35299999999999954,ExtraTrees,0.045,0,0.05748693527422179,0
121.5667,37.15,2022,H,0.95,0.35299999999999954,ExtraTrees,0.035,0,0.19812649984157754,0
80.5515,44.20251,2023,H,0.95,0.35299999999999954,ExtraTrees,0.013,0,0.024577454534220243,0
103.748501,30.95307,2023,H,0.95,0.35299999999999954,ExtraTrees,0.113,0,0.07203458637886281,0
105.360106,27.336948,2023,H,0.95,0.35299999999999954,ExtraTrees,0.101,0,0.09818045647561734,0
105.424,33.563,2023,H,0.95,0.35299999999999954,ExtraTrees,0.34,0,0.24006264919243103,0
105.97,31.5148,2023,H,0.95,0.35299999999999954,ExtraTrees,0.043,0,0.11469959484205058,0
111.621655,27.881375,2023,H,0.95,0.35299999999999954,ExtraTrees,0.32,0,0.05521577812718647,0
113.0381,33.3216,2023,H,0.95,0.35299999999999954,ExtraTrees,0.087,0,0.16278365318198082,0
117.48,35.55,2023,H,0.95,0.35299999999999954,ExtraTrees,0.05,0,0.03920053846468064,0
120.8198,30.758,2023,H,0.95,0.35299999999999954,ExtraTrees,0.31,0,0.1283247392562332,0
125.23,44.03,2023,H,0.95,0.35299999999999954,ExtraTrees,0.123,0,0.045698514173182665,0
110.828,24.832,2024,H,0.95,0.35299999999999954,ExtraTrees,0.03,0,0.028194840064676048,0
111.0,35.03,2024,H,0.95,0.35299999999999954,ExtraTrees,0.05,0,0.1852373387633568,0
112.49,37.55,2024,H,0.95,0.35299999999999954,ExtraTrees,0.01,0,0.09475061229226812,0
118.0,31.75,2025,H,0.95,0.35299999999999954,ExtraTrees,0.13,0,0.07262180813473175,0
123.959,47.341,2026,H,0.95,0.35299999999999954,ExtraTrees,0.02,0,0.13601454179793732,0
126.65,45.75,2026,H,0.95,0.35299999999999954,ExtraTrees,0.02,0,0.0639137997539777,0
126.9607,46.652,2026,H,0.95,0.35299999999999954,ExtraTrees,0.02,0,0.29544237766384845,0
127.4947,50.2322,2026,H,0.95,0.35299999999999954,ExtraTrees,0.02,0,0.07646818143965348,0
